STRUCTURE,STRUCTURE_ID,freq,citizen,age,unit,sex,geo,TIME_PERIOD,OBS_VALUE,OBS_FLAG,CONF_STATUS
dataflow,ESTAT:MIGR_POP1CTZ(1.0),A,TOTAL,TOTAL,NR,F,AT,1998,4122811,,
dataflow,ESTAT:MIGR_POP1CTZ(1.0),A,TOTAL,TOTAL,NR,F,AT,1999,4126432,,
dataflow,ESTAT:MIGR_POP1CTZ(1.0),A,TOTAL,TOTAL,NR,F,AT,2000,4133855,,
dataflow,ESTAT:MIGR_POP1CTZ(1.0),A,TOTAL,TOTAL,NR,F,AT,2001,4143737,,
dataflow,ESTAT:MIGR_POP1CTZ(1.0),A,TOTAL,TOTAL,NR,F,AT,2002,4156906,,
dataflow,ESTAT:MIGR_POP1CTZ(1.0),A,TOTAL,TOTAL,NR,F,AT,2003,4170674,,
dataflow,ESTAT:MIGR_POP1CTZ(1.0),A,TOTAL,TOTAL,NR,F,AT,2004,4189973,,
dataflow,ESTAT:MIGR_POP1CTZ(1.0),A,TOTAL,TOTAL,NR,F,AT,2005,4216493,,
dataflow,ESTAT:MIGR_POP1CTZ(1.0),A,TOTAL,TOTAL,NR,F,AT,2006,4239954,,
dataflow,ESTAT:MIGR_POP1CTZ(1.0),A,TOTAL,TOTAL,NR,F,AT,2007,4252922,,
dataflow,ESTAT:MIGR_POP1CTZ(1.0),A,TOTAL,TOTAL,NR,F,AT,2008,4265500,,
dataflow,ESTAT:MIGR_POP1CTZ(1.0),A,TOTAL,TOTAL,NR,F,AT,2009,4278068,,
dataflow,ESTAT:MIGR_POP1CTZ(1.0),A,TOTAL,TOTAL,NR,F,AT,2010,4285442,,
dataflow,ESTAT:MIGR_POP1CTZ(1.0),A,TOTAL,TOTAL,NR,F,AT,2011,4296293,,
dataflow,ESTAT:MIGR_POP1CTZ(1.0),A,TOTAL,TOTAL,NR,F,AT,2012,4309977,,
dataflow,ESTAT:MIGR_POP1CTZ(1.0),A,TOTAL,TOTAL,NR,F,AT,2013,4328238,,
dataflow,ESTAT:MIGR_POP1CTZ(1.0),A,TOTAL,TOTAL,NR,F,AT,2014,4352447,,
dataflow,ESTAT:MIGR_POP1CTZ(1.0),A,TOTAL,TOTAL,NR,F,AT,2015,4384529,,
dataflow,ESTAT:MIGR_POP1CTZ(1.0),A,TOTAL,TOTAL,NR,F,AT,2016,4427918,,
dataflow,ESTAT:MIGR_POP1CTZ(1.0),A,TOTAL,TOTAL,NR,F,AT,2017,4460424,,
dataflow,ESTAT:MIGR_POP1CTZ(1.0),A,TOTAL,TOTAL,NR,F,AT,2018,4483749,,
dataflow,ESTAT:MIGR_POP1CTZ(1.0),A,TOTAL,TOTAL,NR,F,AT,2019,4501742,,
dataflow,ESTAT:MIGR_POP1CTZ(1.0),A,TOTAL,TOTAL,NR,F,AT,2020,4522292,,
dataflow,ESTAT:MIGR_POP1CTZ(1.0),A,TOTAL,TOTAL,NR,F,AT,2021,4535712,,
dataflow,ESTAT:MIGR_POP1CTZ(1.0),A,TOTAL,TOTAL,NR,F,AT,2022,4553444,,
dataflow,ESTAT:MIGR_POP1CTZ(1.0),A,TOTAL,TOTAL,NR,F,AT,2023,4619957,,
dataflow,ESTAT:MIGR_POP1CTZ(1.0),A,TOTAL,TOTAL,NR,F,AT,2024,4643918,,
dataflow,ESTAT:MIGR_POP1CTZ(1.0),A,TOTAL,TOTAL,NR,F,BE,1998,5209592,,
dataflow,ESTAT:MIGR_POP1CTZ(1.0),A,TOTAL,TOTAL,NR,F,BE,1999,5220034,,
dataflow,ESTAT:MIGR_POP1CTZ(1.0),A,TOTAL,TOTAL,NR,F,BE,2000,5233071,,
dataflow,ESTAT:MIGR_POP1CTZ(1.0),A,TOTAL,TOTAL,NR,F,BE,2001,5245395,,
dataflow,ESTAT:MIGR_POP1CTZ(1.0),A,TOTAL,TOTAL,NR,F,BE,2002,5268464,,
dataflow,ESTAT:MIGR_POP1CTZ(1.0),A,TOTAL,TOTAL,NR,F,BE,2003,5288959,,
dataflow,ESTAT:MIGR_POP1CTZ(1.0),A,TOTAL,TOTAL,NR,F,BE,2004,5309245,,
dataflow,ESTAT:MIGR_POP1CTZ(1.0),A,TOTAL,TOTAL,NR,F,BE,2005,5334527,,
dataflow,ESTAT:MIGR_POP1CTZ(1.0),A,TOTAL,TOTAL,NR,F,BE,2006,5367561,,
dataflow,ESTAT:MIGR_POP1CTZ(1.0),A,TOTAL,TOTAL,NR,F,BE,2007,5403126,,
dataflow,ESTAT:MIGR_POP1CTZ(1.0),A,TOTAL,TOTAL,NR,F,BE,2008,5442557,,
dataflow,ESTAT:MIGR_POP1CTZ(1.0),A,TOTAL,TOTAL,NR,F,BE,2009,5484429,p,
dataflow,ESTAT:MIGR_POP1CTZ(1.0),A,TOTAL,TOTAL,NR,F,BE,2010,5527684,p,
dataflow,ESTAT:MIGR_POP1CTZ(1.0),A,TOTAL,TOTAL,NR,F,BE,2011,5598920,b,
dataflow,ESTAT:MIGR_POP1CTZ(1.0),A,TOTAL,TOTAL,NR,F,BE,2012,5635601,b,
dataflow,ESTAT:MIGR_POP1CTZ(1.0),A,TOTAL,TOTAL,NR,F,BE,2013,5665118,,
dataflow,ESTAT:MIGR_POP1CTZ(1.0),A,TOTAL,TOTAL,NR,F,BE,2014,5687048,,
dataflow,ESTAT:MIGR_POP1CTZ(1.0),A,TOTAL,TOTAL,NR,F,BE,2015,5713206,,
dataflow,ESTAT:MIGR_POP1CTZ(1.0),A,TOTAL,TOTAL,NR,F,BE,2016,5741853,,
dataflow,ESTAT:MIGR_POP1CTZ(1.0),A,TOTAL,TOTAL,NR,F,BE,2017,5762455,,
dataflow,ESTAT:MIGR_POP1CTZ(1.0),A,TOTAL,TOTAL,NR,F,BE,2018,5784371,,
dataflow,ESTAT:MIGR_POP1CTZ(1.0),A,TOTAL,TOTAL,NR,F,BE,2019,5810693,,
dataflow,ESTAT:MIGR_POP1CTZ(1.0),A,TOTAL,TOTAL,NR,F,BE,2020,5841215,,
dataflow,ESTAT:MIGR_POP1CTZ(1.0),A,TOTAL,TOTAL,NR,F,BE,2021,5854293,,
dataflow,ESTAT:MIGR_POP1CTZ(1.0),A,TOTAL,TOTAL,NR,F,BE,2022,5883978,,
dataflow,ESTAT:MIGR_POP1CTZ(1.0),A,TOTAL,TOTAL,NR,F,BE,2023,5946649,,
dataflow,ESTAT:MIGR_POP1CTZ(1.0),A,TOTAL,TOTAL,NR,F,BE,2024,5981093,,
dataflow,ESTAT:MIGR_POP1CTZ(1.0),A,TOTAL,TOTAL,NR,F,BG,2008,3857635,,
dataflow,ESTAT:MIGR_POP1CTZ(1.0),A,TOTAL,TOTAL,NR,F,BG,2009,3831264,,
dataflow,ESTAT:MIGR_POP1CTZ(1.0),A,TOTAL,TOTAL,NR,F,BG,2010,3807808,,
dataflow,ESTAT:MIGR_POP1CTZ(1.0),A,TOTAL,TOTAL,NR,F,BG,2011,3780505,,
dataflow,ESTAT:MIGR_POP1CTZ(1.0),A,TOTAL,TOTAL,NR,F,BG,2012,3760457,,
dataflow,ESTAT:MIGR_POP1CTZ(1.0),A,TOTAL,TOTAL,NR,F,BG,2013,3701945,,
dataflow,ESTAT:MIGR_POP1CTZ(1.0),A,TOTAL,TOTAL,NR,F,BG,2014,3662824,,
dataflow,ESTAT:MIGR_POP1CTZ(1.0),A,TOTAL,TOTAL,NR,F,BG,2015,3621883,,
dataflow,ESTAT:MIGR_POP1CTZ(1.0),A,TOTAL,TOTAL,NR,F,BG,2016,3578998,,
dataflow,ESTAT:MIGR_POP1CTZ(1.0),A,TOTAL,TOTAL,NR,F,BG,2017,3537549,,
dataflow,ESTAT:MIGR_POP1CTZ(1.0),A,TOTAL,TOTAL,NR,F,BG,2018,3494184,,
dataflow,ESTAT:MIGR_POP1CTZ(1.0),A,TOTAL,TOTAL,NR,F,BG,2019,3450251,,
dataflow,ESTAT:MIGR_POP1CTZ(1.0),A,TOTAL,TOTAL,NR,F,BG,2020,3405861,,
dataflow,ESTAT:MIGR_POP1CTZ(1.0),A,TOTAL,TOTAL,NR,F,BG,2021,3389807,,
dataflow,ESTAT:MIGR_POP1CTZ(1.0),A,TOTAL,TOTAL,NR,F,BG,2022,3364303,,
dataflow,ESTAT:MIGR_POP1CTZ(1.0),A,TOTAL,TOTAL,NR,F,BG,2023,3348207,,
dataflow,ESTAT:MIGR_POP1CTZ(1.0),A,TOTAL,TOTAL,NR,F,BG,2024,3347783,,
dataflow,ESTAT:MIGR_POP1CTZ(1.0),A,TOTAL,TOTAL,NR,F,CY,2009,401874,,
dataflow,ESTAT:MIGR_POP1CTZ(1.0),A,TOTAL,TOTAL,NR,F,CY,2010,419535,,
dataflow,ESTAT:MIGR_POP1CTZ(1.0),A,TOTAL,TOTAL,NR,F,CY,2011,430993,,
dataflow,ESTAT:MIGR_POP1CTZ(1.0),A,TOTAL,TOTAL,NR,F,CY,2012,443018,,
dataflow,ESTAT:MIGR_POP1CTZ(1.0),A,TOTAL,TOTAL,NR,F,CY,2013,444842,,
dataflow,ESTAT:MIGR_POP1CTZ(1.0),A,TOTAL,TOTAL,NR,F,CY,2014,440462,,
dataflow,ESTAT:MIGR_POP1CTZ(1.0),A,TOTAL,TOTAL,NR,F,CY,2015,435183,,
dataflow,ESTAT:MIGR_POP1CTZ(1.0),A,TOTAL,TOTAL,NR,F,CY,2016,435627,,
dataflow,ESTAT:MIGR_POP1CTZ(1.0),A,TOTAL,TOTAL,NR,F,CY,2017,438139,,
dataflow,ESTAT:MIGR_POP1CTZ(1.0),A,TOTAL,TOTAL,NR,F,CY,2018,442728,,
dataflow,ESTAT:MIGR_POP1CTZ(1.0),A,TOTAL,TOTAL,NR,F,CY,2019,448068,,
dataflow,ESTAT:MIGR_POP1CTZ(1.0),A,TOTAL,TOTAL,NR,F,CY,2020,453534,,
dataflow,ESTAT:MIGR_POP1CTZ(1.0),A,TOTAL,TOTAL,NR,F,CY,2021,458357,,
dataflow,ESTAT:MIGR_POP1CTZ(1.0),A,TOTAL,TOTAL,NR,F,CY,2022,463622,,
dataflow,ESTAT:MIGR_POP1CTZ(1.0),A,TOTAL,TOTAL,NR,F,CY,2023,483955,b,
dataflow,ESTAT:MIGR_POP1CTZ(1.0),A,TOTAL,TOTAL,NR,F,CY,2024,490771,,
dataflow,ESTAT:MIGR_POP1CTZ(1.0),A,TOTAL,TOTAL,NR,F,CZ,1999,5284186,,
dataflow,ESTAT:MIGR_POP1CTZ(1.0),A,TOTAL,TOTAL,NR,F,CZ,2000,5326569,,
dataflow,ESTAT:MIGR_POP1CTZ(1.0),A,TOTAL,TOTAL,NR,F,CZ,2001,5338115,,
dataflow,ESTAT:MIGR_POP1CTZ(1.0),A,TOTAL,TOTAL,NR,F,CZ,2002,5238450,,
dataflow,ESTAT:MIGR_POP1CTZ(1.0),A,TOTAL,TOTAL,NR,F,CZ,2003,5236563,,
dataflow,ESTAT:MIGR_POP1CTZ(1.0),A,TOTAL,TOTAL,NR,F,CZ,2004,5236715,,
dataflow,ESTAT:MIGR_POP1CTZ(1.0),A,TOTAL,TOTAL,NR,F,CZ,2005,5239664,,
dataflow,ESTAT:MIGR_POP1CTZ(1.0),A,TOTAL,TOTAL,NR,F,CZ,2006,5248431,,
dataflow,ESTAT:MIGR_POP1CTZ(1.0),A,TOTAL,TOTAL,NR,F,CZ,2007,5261005,,
dataflow,ESTAT:MIGR_POP1CTZ(1.0),A,TOTAL,TOTAL,NR,F,CZ,2008,5298196,,
dataflow,ESTAT:MIGR_POP1CTZ(1.0),A,TOTAL,TOTAL,NR,F,CZ,2009,5331165,,
dataflow,ESTAT:MIGR_POP1CTZ(1.0),A,TOTAL,TOTAL,NR,F,CZ,2010,5349616,,
dataflow,ESTAT:MIGR_POP1CTZ(1.0),A,TOTAL,TOTAL,NR,F,CZ,2011,5363971,,
dataflow,ESTAT:MIGR_POP1CTZ(1.0),A,TOTAL,TOTAL,NR,F,CZ,2012,5347235,,
dataflow,ESTAT:MIGR_POP1CTZ(1.0),A,TOTAL,TOTAL,NR,F,CZ,2013,5351776,,
dataflow,ESTAT:MIGR_POP1CTZ(1.0),A,TOTAL,TOTAL,NR,F,CZ,2014,5350039,,
dataflow,ESTAT:MIGR_POP1CTZ(1.0),A,TOTAL,TOTAL,NR,F,CZ,2015,5361348,,
dataflow,ESTAT:MIGR_POP1CTZ(1.0),A,TOTAL,TOTAL,NR,F,CZ,2016,5367513,,
dataflow,ESTAT:MIGR_POP1CTZ(1.0),A,TOTAL,TOTAL,NR,F,CZ,2017,5378133,,
dataflow,ESTAT:MIGR_POP1CTZ(1.0),A,TOTAL,TOTAL,NR,F,CZ,2018,5390264,,
dataflow,ESTAT:MIGR_POP1CTZ(1.0),A,TOTAL,TOTAL,NR,F,CZ,2019,5405606,,
dataflow,ESTAT:MIGR_POP1CTZ(1.0),A,TOTAL,TOTAL,NR,F,CZ,2020,5421943,,
dataflow,ESTAT:MIGR_POP1CTZ(1.0),A,TOTAL,TOTAL,NR,F,CZ,2021,5323934,b,
dataflow,ESTAT:MIGR_POP1CTZ(1.0),A,TOTAL,TOTAL,NR,F,CZ,2022,5332932,,
dataflow,ESTAT:MIGR_POP1CTZ(1.0),A,TOTAL,TOTAL,NR,F,CZ,2023,5519006,,
dataflow,ESTAT:MIGR_POP1CTZ(1.0),A,TOTAL,TOTAL,NR,F,CZ,2024,5557945,,
dataflow,ESTAT:MIGR_POP1CTZ(1.0),A,TOTAL,TOTAL,NR,F,DE,1998,42065068,,
dataflow,ESTAT:MIGR_POP1CTZ(1.0),A,TOTAL,TOTAL,NR,F,DE,1999,42032869,,
dataflow,ESTAT:MIGR_POP1CTZ(1.0),A,TOTAL,TOTAL,NR,F,DE,2000,42072699,,
dataflow,ESTAT:MIGR_POP1CTZ(1.0),A,TOTAL,TOTAL,NR,F,DE,2001,42103004,,
dataflow,ESTAT:MIGR_POP1CTZ(1.0),A,TOTAL,TOTAL,NR,F,DE,2002,42165633,,
dataflow,ESTAT:MIGR_POP1CTZ(1.0),A,TOTAL,TOTAL,NR,F,DE,2003,42191801,,
dataflow,ESTAT:MIGR_POP1CTZ(1.0),A,TOTAL,TOTAL,NR,F,DE,2004,42175657,,
dataflow,ESTAT:MIGR_POP1CTZ(1.0),A,TOTAL,TOTAL,NR,F,DE,2005,42147222,,
dataflow,ESTAT:MIGR_POP1CTZ(1.0),A,TOTAL,TOTAL,NR,F,DE,2006,42098034,,
dataflow,ESTAT:MIGR_POP1CTZ(1.0),A,TOTAL,TOTAL,NR,F,DE,2007,42013740,,
dataflow,ESTAT:MIGR_POP1CTZ(1.0),A,TOTAL,TOTAL,NR,F,DE,2008,41943545,,
dataflow,ESTAT:MIGR_POP1CTZ(1.0),A,TOTAL,TOTAL,NR,F,DE,2009,41818073,,
dataflow,ESTAT:MIGR_POP1CTZ(1.0),A,TOTAL,TOTAL,NR,F,DE,2010,41698651,,
dataflow,ESTAT:MIGR_POP1CTZ(1.0),A,TOTAL,TOTAL,NR,F,DE,2011,41097465,b,
dataflow,ESTAT:MIGR_POP1CTZ(1.0),A,TOTAL,TOTAL,NR,F,DE,2012,41097953,,
dataflow,ESTAT:MIGR_POP1CTZ(1.0),A,TOTAL,TOTAL,NR,F,DE,2013,41142770,,
dataflow,ESTAT:MIGR_POP1CTZ(1.0),A,TOTAL,TOTAL,NR,F,DE,2014,41210540,,
dataflow,ESTAT:MIGR_POP1CTZ(1.0),A,TOTAL,TOTAL,NR,F,DE,2015,41362080,,
dataflow,ESTAT:MIGR_POP1CTZ(1.0),A,TOTAL,TOTAL,NR,F,DE,2016,41661561,,
dataflow,ESTAT:MIGR_POP1CTZ(1.0),A,TOTAL,TOTAL,NR,F,DE,2017,41824535,,
dataflow,ESTAT:MIGR_POP1CTZ(1.0),A,TOTAL,TOTAL,NR,F,DE,2018,41948786,,
dataflow,ESTAT:MIGR_POP1CTZ(1.0),A,TOTAL,TOTAL,NR,F,DE,2019,42052522,,
dataflow,ESTAT:MIGR_POP1CTZ(1.0),A,TOTAL,TOTAL,NR,F,DE,2020,42129098,,
dataflow,ESTAT:MIGR_POP1CTZ(1.0),A,TOTAL,TOTAL,NR,F,DE,2021,42128512,,
dataflow,ESTAT:MIGR_POP1CTZ(1.0),A,TOTAL,TOTAL,NR,F,DE,2022,42170339,,
dataflow,ESTAT:MIGR_POP1CTZ(1.0),A,TOTAL,TOTAL,NR,F,DE,2023,42198796,b,
dataflow,ESTAT:MIGR_POP1CTZ(1.0),A,TOTAL,TOTAL,NR,F,DE,2024,42294114,,
dataflow,ESTAT:MIGR_POP1CTZ(1.0),A,TOTAL,TOTAL,NR,F,DK,1998,2679191,,
dataflow,ESTAT:MIGR_POP1CTZ(1.0),A,TOTAL,TOTAL,NR,F,DK,1999,2688156,,
dataflow,ESTAT:MIGR_POP1CTZ(1.0),A,TOTAL,TOTAL,NR,F,DK,2000,2695898,,
dataflow,ESTAT:MIGR_POP1CTZ(1.0),A,TOTAL,TOTAL,NR,F,DK,2001,2704893,,
dataflow,ESTAT:MIGR_POP1CTZ(1.0),A,TOTAL,TOTAL,NR,F,DK,2002,2714208,,
dataflow,ESTAT:MIGR_POP1CTZ(1.0),A,TOTAL,TOTAL,NR,F,DK,2003,2721084,,
dataflow,ESTAT:MIGR_POP1CTZ(1.0),A,TOTAL,TOTAL,NR,F,DK,2004,2727505,,
dataflow,ESTAT:MIGR_POP1CTZ(1.0),A,TOTAL,TOTAL,NR,F,DK,2005,2734113,,
dataflow,ESTAT:MIGR_POP1CTZ(1.0),A,TOTAL,TOTAL,NR,F,DK,2006,2741613,,
dataflow,ESTAT:MIGR_POP1CTZ(1.0),A,TOTAL,TOTAL,NR,F,DK,2007,2750422,,
dataflow,ESTAT:MIGR_POP1CTZ(1.0),A,TOTAL,TOTAL,NR,F,DK,2008,2763101,,
dataflow,ESTAT:MIGR_POP1CTZ(1.0),A,TOTAL,TOTAL,NR,F,DK,2009,2779431,,
dataflow,ESTAT:MIGR_POP1CTZ(1.0),A,TOTAL,TOTAL,NR,F,DK,2010,2791452,,
dataflow,ESTAT:MIGR_POP1CTZ(1.0),A,TOTAL,TOTAL,NR,F,DK,2011,2804046,,
dataflow,ESTAT:MIGR_POP1CTZ(1.0),A,TOTAL,TOTAL,NR,F,DK,2012,2813740,,
dataflow,ESTAT:MIGR_POP1CTZ(1.0),A,TOTAL,TOTAL,NR,F,DK,2013,2823776,,
dataflow,ESTAT:MIGR_POP1CTZ(1.0),A,TOTAL,TOTAL,NR,F,DK,2014,2834956,,
dataflow,ESTAT:MIGR_POP1CTZ(1.0),A,TOTAL,TOTAL,NR,F,DK,2015,2848701,,
dataflow,ESTAT:MIGR_POP1CTZ(1.0),A,TOTAL,TOTAL,NR,F,DK,2016,2869364,,
dataflow,ESTAT:MIGR_POP1CTZ(1.0),A,TOTAL,TOTAL,NR,F,DK,2017,2888591,,
dataflow,ESTAT:MIGR_POP1CTZ(1.0),A,TOTAL,TOTAL,NR,F,DK,2018,2904717,,
dataflow,ESTAT:MIGR_POP1CTZ(1.0),A,TOTAL,TOTAL,NR,F,DK,2019,2917008,,
dataflow,ESTAT:MIGR_POP1CTZ(1.0),A,TOTAL,TOTAL,NR,F,DK,2020,2925845,,
dataflow,ESTAT:MIGR_POP1CTZ(1.0),A,TOTAL,TOTAL,NR,F,DK,2021,2935188,,
dataflow,ESTAT:MIGR_POP1CTZ(1.0),A,TOTAL,TOTAL,NR,F,DK,2022,2950505,,
dataflow,ESTAT:MIGR_POP1CTZ(1.0),A,TOTAL,TOTAL,NR,F,DK,2023,2983655,,
dataflow,ESTAT:MIGR_POP1CTZ(1.0),A,TOTAL,TOTAL,NR,F,DK,2024,2997558,,
dataflow,ESTAT:MIGR_POP1CTZ(1.0),A,TOTAL,TOTAL,NR,F,EE,2000,738201,,
dataflow,ESTAT:MIGR_POP1CTZ(1.0),A,TOTAL,TOTAL,NR,F,EE,2009,723116,,
dataflow,ESTAT:MIGR_POP1CTZ(1.0),A,TOTAL,TOTAL,NR,F,EE,2010,722804,,
dataflow,ESTAT:MIGR_POP1CTZ(1.0),A,TOTAL,TOTAL,NR,F,EE,2011,709985,b,
dataflow,ESTAT:MIGR_POP1CTZ(1.0),A,TOTAL,TOTAL,NR,F,EE,2012,707687,,
dataflow,ESTAT:MIGR_POP1CTZ(1.0),A,TOTAL,TOTAL,NR,F,EE,2013,704007,,
dataflow,ESTAT:MIGR_POP1CTZ(1.0),A,TOTAL,TOTAL,NR,F,EE,2014,700900,,
dataflow,ESTAT:MIGR_POP1CTZ(1.0),A,TOTAL,TOTAL,NR,F,EE,2015,700166,b,
dataflow,ESTAT:MIGR_POP1CTZ(1.0),A,TOTAL,TOTAL,NR,F,EE,2016,699236,,
dataflow,ESTAT:MIGR_POP1CTZ(1.0),A,TOTAL,TOTAL,NR,F,EE,2017,698097,,
dataflow,ESTAT:MIGR_POP1CTZ(1.0),A,TOTAL,TOTAL,NR,F,EE,2018,698049,,
dataflow,ESTAT:MIGR_POP1CTZ(1.0),A,TOTAL,TOTAL,NR,F,EE,2019,699185,,
dataflow,ESTAT:MIGR_POP1CTZ(1.0),A,TOTAL,TOTAL,NR,F,EE,2020,699699,,
dataflow,ESTAT:MIGR_POP1CTZ(1.0),A,TOTAL,TOTAL,NR,F,EE,2021,699153,,
dataflow,ESTAT:MIGR_POP1CTZ(1.0),A,TOTAL,TOTAL,NR,F,EE,2022,698381,,
dataflow,ESTAT:MIGR_POP1CTZ(1.0),A,TOTAL,TOTAL,NR,F,EE,2023,718518,,
dataflow,ESTAT:MIGR_POP1CTZ(1.0),A,TOTAL,TOTAL,NR,F,EE,2024,723074,,
dataflow,ESTAT:MIGR_POP1CTZ(1.0),A,TOTAL,TOTAL,NR,F,EL,1998,5329741,,
dataflow,ESTAT:MIGR_POP1CTZ(1.0),A,TOTAL,TOTAL,NR,F,EL,2001,5520671,,
dataflow,ESTAT:MIGR_POP1CTZ(1.0),A,TOTAL,TOTAL,NR,F,EL,2004,5576249,e,
dataflow,ESTAT:MIGR_POP1CTZ(1.0),A,TOTAL,TOTAL,NR,F,EL,2009,5638650,,
dataflow,ESTAT:MIGR_POP1CTZ(1.0),A,TOTAL,TOTAL,NR,F,EL,2010,5658424,,
dataflow,ESTAT:MIGR_POP1CTZ(1.0),A,TOTAL,TOTAL,NR,F,EL,2011,5669948,,
dataflow,ESTAT:MIGR_POP1CTZ(1.0),A,TOTAL,TOTAL,NR,F,EL,2012,5662522,,
dataflow,ESTAT:MIGR_POP1CTZ(1.0),A,TOTAL,TOTAL,NR,F,EL,2013,5637364,,
dataflow,ESTAT:MIGR_POP1CTZ(1.0),A,TOTAL,TOTAL,NR,F,EL,2014,5613568,,
dataflow,ESTAT:MIGR_POP1CTZ(1.0),A,TOTAL,TOTAL,NR,F,EL,2015,5589628,,
dataflow,ESTAT:MIGR_POP1CTZ(1.0),A,TOTAL,TOTAL,NR,F,EL,2016,5559538,,
dataflow,ESTAT:MIGR_POP1CTZ(1.0),A,TOTAL,TOTAL,NR,F,EL,2017,5546916,,
dataflow,ESTAT:MIGR_POP1CTZ(1.0),A,TOTAL,TOTAL,NR,F,EL,2018,5531125,,
dataflow,ESTAT:MIGR_POP1CTZ(1.0),A,TOTAL,TOTAL,NR,F,EL,2019,5516306,,
dataflow,ESTAT:MIGR_POP1CTZ(1.0),A,TOTAL,TOTAL,NR,F,EL,2020,5503077,,
dataflow,ESTAT:MIGR_POP1CTZ(1.0),A,TOTAL,TOTAL,NR,F,EL,2021,5482584,,
dataflow,ESTAT:MIGR_POP1CTZ(1.0),A,TOTAL,TOTAL,NR,F,EL,2022,5345035,b,
dataflow,ESTAT:MIGR_POP1CTZ(1.0),A,TOTAL,TOTAL,NR,F,EL,2023,5320643,,
dataflow,ESTAT:MIGR_POP1CTZ(1.0),A,TOTAL,TOTAL,NR,F,EL,2024,5303827,,
dataflow,ESTAT:MIGR_POP1CTZ(1.0),A,TOTAL,TOTAL,NR,F,ES,1998,20478881,,
dataflow,ESTAT:MIGR_POP1CTZ(1.0),A,TOTAL,TOTAL,NR,F,ES,1999,20559308,,
dataflow,ESTAT:MIGR_POP1CTZ(1.0),A,TOTAL,TOTAL,NR,F,ES,2000,20643845,,
dataflow,ESTAT:MIGR_POP1CTZ(1.0),A,TOTAL,TOTAL,NR,F,ES,2001,20741652,,
dataflow,ESTAT:MIGR_POP1CTZ(1.0),A,TOTAL,TOTAL,NR,F,ES,2002,20919748,,
dataflow,ESTAT:MIGR_POP1CTZ(1.0),A,TOTAL,TOTAL,NR,F,ES,2003,21285368,,
dataflow,ESTAT:MIGR_POP1CTZ(1.0),A,TOTAL,TOTAL,NR,F,ES,2004,21622871,,
dataflow,ESTAT:MIGR_POP1CTZ(1.0),A,TOTAL,TOTAL,NR,F,ES,2005,21961051,,
dataflow,ESTAT:MIGR_POP1CTZ(1.0),A,TOTAL,TOTAL,NR,F,ES,2006,22290651,,
dataflow,ESTAT:MIGR_POP1CTZ(1.0),A,TOTAL,TOTAL,NR,F,ES,2007,22665689,,
dataflow,ESTAT:MIGR_POP1CTZ(1.0),A,TOTAL,TOTAL,NR,F,ES,2008,23077453,,
dataflow,ESTAT:MIGR_POP1CTZ(1.0),A,TOTAL,TOTAL,NR,F,ES,2009,23358737,,
dataflow,ESTAT:MIGR_POP1CTZ(1.0),A,TOTAL,TOTAL,NR,F,ES,2010,23504347,,
dataflow,ESTAT:MIGR_POP1CTZ(1.0),A,TOTAL,TOTAL,NR,F,ES,2011,23617697,,
dataflow,ESTAT:MIGR_POP1CTZ(1.0),A,TOTAL,TOTAL,NR,F,ES,2012,23719207,,
dataflow,ESTAT:MIGR_POP1CTZ(1.0),A,TOTAL,TOTAL,NR,F,ES,2013,23699424,,
dataflow,ESTAT:MIGR_POP1CTZ(1.0),A,TOTAL,TOTAL,NR,F,ES,2014,23621034,,
dataflow,ESTAT:MIGR_POP1CTZ(1.0),A,TOTAL,TOTAL,NR,F,ES,2015,23603001,,
dataflow,ESTAT:MIGR_POP1CTZ(1.0),A,TOTAL,TOTAL,NR,F,ES,2016,23612439,,
dataflow,ESTAT:MIGR_POP1CTZ(1.0),A,TOTAL,TOTAL,NR,F,ES,2017,23666286,,
dataflow,ESTAT:MIGR_POP1CTZ(1.0),A,TOTAL,TOTAL,NR,F,ES,2018,23755470,,
dataflow,ESTAT:MIGR_POP1CTZ(1.0),A,TOTAL,TOTAL,NR,F,ES,2019,23902168,,
dataflow,ESTAT:MIGR_POP1CTZ(1.0),A,TOTAL,TOTAL,NR,F,ES,2020,24107382,,
dataflow,ESTAT:MIGR_POP1CTZ(1.0),A,TOTAL,TOTAL,NR,F,ES,2021,24152187,,
dataflow,ESTAT:MIGR_POP1CTZ(1.0),A,TOTAL,TOTAL,NR,F,ES,2022,24198046,,
dataflow,ESTAT:MIGR_POP1CTZ(1.0),A,TOTAL,TOTAL,NR,F,ES,2023,24519768,,
dataflow,ESTAT:MIGR_POP1CTZ(1.0),A,TOTAL,TOTAL,NR,F,ES,2024,24792824,,
dataflow,ESTAT:MIGR_POP1CTZ(1.0),A,TOTAL,TOTAL,NR,F,FI,1998,2638251,,
dataflow,ESTAT:MIGR_POP1CTZ(1.0),A,TOTAL,TOTAL,NR,F,FI,1999,2643571,,
dataflow,ESTAT:MIGR_POP1CTZ(1.0),A,TOTAL,TOTAL,NR,F,FI,2000,2648276,,
dataflow,ESTAT:MIGR_POP1CTZ(1.0),A,TOTAL,TOTAL,NR,F,FI,2001,2651774,,
dataflow,ESTAT:MIGR_POP1CTZ(1.0),A,TOTAL,TOTAL,NR,F,FI,2002,2657304,,
dataflow,ESTAT:MIGR_POP1CTZ(1.0),A,TOTAL,TOTAL,NR,F,FI,2003,2661379,,
dataflow,ESTAT:MIGR_POP1CTZ(1.0),A,TOTAL,TOTAL,NR,F,FI,2004,2666839,,
dataflow,ESTAT:MIGR_POP1CTZ(1.0),A,TOTAL,TOTAL,NR,F,FI,2005,2674534,,
dataflow,ESTAT:MIGR_POP1CTZ(1.0),A,TOTAL,TOTAL,NR,F,FI,2006,2683230,,
dataflow,ESTAT:MIGR_POP1CTZ(1.0),A,TOTAL,TOTAL,NR,F,FI,2007,2693213,,
dataflow,ESTAT:MIGR_POP1CTZ(1.0),A,TOTAL,TOTAL,NR,F,FI,2008,2703697,,
dataflow,ESTAT:MIGR_POP1CTZ(1.0),A,TOTAL,TOTAL,NR,F,FI,2009,2714661,,
dataflow,ESTAT:MIGR_POP1CTZ(1.0),A,TOTAL,TOTAL,NR,F,FI,2010,2726360,,
dataflow,ESTAT:MIGR_POP1CTZ(1.0),A,TOTAL,TOTAL,NR,F,FI,2011,2736860,,
dataflow,ESTAT:MIGR_POP1CTZ(1.0),A,TOTAL,TOTAL,NR,F,FI,2012,2748733,,
dataflow,ESTAT:MIGR_POP1CTZ(1.0),A,TOTAL,TOTAL,NR,F,FI,2013,2760052,,
dataflow,ESTAT:MIGR_POP1CTZ(1.0),A,TOTAL,TOTAL,NR,F,FI,2014,2770906,,
dataflow,ESTAT:MIGR_POP1CTZ(1.0),A,TOTAL,TOTAL,NR,F,FI,2015,2779890,,
dataflow,ESTAT:MIGR_POP1CTZ(1.0),A,TOTAL,TOTAL,NR,F,FI,2016,2785818,,
dataflow,ESTAT:MIGR_POP1CTZ(1.0),A,TOTAL,TOTAL,NR,F,FI,2017,2790970,,
dataflow,ESTAT:MIGR_POP1CTZ(1.0),A,TOTAL,TOTAL,NR,F,FI,2018,2793999,,
dataflow,ESTAT:MIGR_POP1CTZ(1.0),A,TOTAL,TOTAL,NR,F,FI,2019,2794629,,
dataflow,ESTAT:MIGR_POP1CTZ(1.0),A,TOTAL,TOTAL,NR,F,FI,2020,2797030,,
dataflow,ESTAT:MIGR_POP1CTZ(1.0),A,TOTAL,TOTAL,NR,F,FI,2021,2799985,,
dataflow,ESTAT:MIGR_POP1CTZ(1.0),A,TOTAL,TOTAL,NR,F,FI,2022,2805140,,
dataflow,ESTAT:MIGR_POP1CTZ(1.0),A,TOTAL,TOTAL,NR,F,FI,2023,2810493,,
dataflow,ESTAT:MIGR_POP1CTZ(1.0),A,TOTAL,TOTAL,NR,F,FI,2024,2829953,,
dataflow,ESTAT:MIGR_POP1CTZ(1.0),A,TOTAL,TOTAL,NR,F,FR,2007,32841834,,
dataflow,ESTAT:MIGR_POP1CTZ(1.0),A,TOTAL,TOTAL,NR,F,FR,2008,33026963,,
dataflow,ESTAT:MIGR_POP1CTZ(1.0),A,TOTAL,TOTAL,NR,F,FR,2009,33202247,,
dataflow,ESTAT:MIGR_POP1CTZ(1.0),A,TOTAL,TOTAL,NR,F,FR,2010,33357092,,
dataflow,ESTAT:MIGR_POP1CTZ(1.0),A,TOTAL,TOTAL,NR,F,FR,2011,33515819,,
dataflow,ESTAT:MIGR_POP1CTZ(1.0),A,TOTAL,TOTAL,NR,F,FR,2012,33671600,b,
dataflow,ESTAT:MIGR_POP1CTZ(1.0),A,TOTAL,TOTAL,NR,F,FR,2013,33827685,,
dataflow,ESTAT:MIGR_POP1CTZ(1.0),A,TOTAL,TOTAL,NR,F,FR,2014,34120851,b,
dataflow,ESTAT:MIGR_POP1CTZ(1.0),A,TOTAL,TOTAL,NR,F,FR,2015,34283895,,
dataflow,ESTAT:MIGR_POP1CTZ(1.0),A,TOTAL,TOTAL,NR,F,FR,2016,34391005,,
dataflow,ESTAT:MIGR_POP1CTZ(1.0),A,TOTAL,TOTAL,NR,F,FR,2017,34495464,,
dataflow,ESTAT:MIGR_POP1CTZ(1.0),A,TOTAL,TOTAL,NR,F,FR,2018,34611994,,
dataflow,ESTAT:MIGR_POP1CTZ(1.0),A,TOTAL,TOTAL,NR,F,FR,2019,34739132,,
dataflow,ESTAT:MIGR_POP1CTZ(1.0),A,TOTAL,TOTAL,NR,F,FR,2020,34828670,,
dataflow,ESTAT:MIGR_POP1CTZ(1.0),A,TOTAL,TOTAL,NR,F,FR,2021,34946473,,
dataflow,ESTAT:MIGR_POP1CTZ(1.0),A,TOTAL,TOTAL,NR,F,FR,2022,35109077,,
dataflow,ESTAT:MIGR_POP1CTZ(1.0),A,TOTAL,TOTAL,NR,F,FR,2023,35188809,p,
dataflow,ESTAT:MIGR_POP1CTZ(1.0),A,TOTAL,TOTAL,NR,F,FR,2024,35271283,p,
dataflow,ESTAT:MIGR_POP1CTZ(1.0),A,TOTAL,TOTAL,NR,F,HR,2013,2200305,,
dataflow,ESTAT:MIGR_POP1CTZ(1.0),A,TOTAL,TOTAL,NR,F,HR,2014,2186646,,
dataflow,ESTAT:MIGR_POP1CTZ(1.0),A,TOTAL,TOTAL,NR,F,HR,2015,2170159,,
dataflow,ESTAT:MIGR_POP1CTZ(1.0),A,TOTAL,TOTAL,NR,F,HR,2016,2146424,,
dataflow,ESTAT:MIGR_POP1CTZ(1.0),A,TOTAL,TOTAL,NR,F,HR,2017,2122085,,
dataflow,ESTAT:MIGR_POP1CTZ(1.0),A,TOTAL,TOTAL,NR,F,HR,2018,2090961,,
dataflow,ESTAT:MIGR_POP1CTZ(1.0),A,TOTAL,TOTAL,NR,F,HR,2019,2064873,,
dataflow,ESTAT:MIGR_POP1CTZ(1.0),A,TOTAL,TOTAL,NR,F,HR,2020,2041528,,
dataflow,ESTAT:MIGR_POP1CTZ(1.0),A,TOTAL,TOTAL,NR,F,HR,2021,2019003,,
dataflow,ESTAT:MIGR_POP1CTZ(1.0),A,TOTAL,TOTAL,NR,F,HR,2022,2000012,b,
dataflow,ESTAT:MIGR_POP1CTZ(1.0),A,TOTAL,TOTAL,NR,F,HR,2023,1989028,,
dataflow,ESTAT:MIGR_POP1CTZ(1.0),A,TOTAL,TOTAL,NR,F,HR,2024,1986557,,
dataflow,ESTAT:MIGR_POP1CTZ(1.0),A,TOTAL,TOTAL,NR,F,HU,1998,5362420,,
dataflow,ESTAT:MIGR_POP1CTZ(1.0),A,TOTAL,TOTAL,NR,F,HU,1999,5346635,,
dataflow,ESTAT:MIGR_POP1CTZ(1.0),A,TOTAL,TOTAL,NR,F,HU,2000,5251407,,
dataflow,ESTAT:MIGR_POP1CTZ(1.0),A,TOTAL,TOTAL,NR,F,HU,2001,5349286,,
dataflow,ESTAT:MIGR_POP1CTZ(1.0),A,TOTAL,TOTAL,NR,F,HU,2002,5337873,p,
dataflow,ESTAT:MIGR_POP1CTZ(1.0),A,TOTAL,TOTAL,NR,F,HU,2003,5323906,,
dataflow,ESTAT:MIGR_POP1CTZ(1.0),A,TOTAL,TOTAL,NR,F,HU,2004,5312629,,
dataflow,ESTAT:MIGR_POP1CTZ(1.0),A,TOTAL,TOTAL,NR,F,HU,2005,5304434,,
dataflow,ESTAT:MIGR_POP1CTZ(1.0),A,TOTAL,TOTAL,NR,F,HU,2006,5292002,,
dataflow,ESTAT:MIGR_POP1CTZ(1.0),A,TOTAL,TOTAL,NR,F,HU,2007,5287080,,
dataflow,ESTAT:MIGR_POP1CTZ(1.0),A,TOTAL,TOTAL,NR,F,HU,2008,5275839,,
dataflow,ESTAT:MIGR_POP1CTZ(1.0),A,TOTAL,TOTAL,NR,F,HU,2009,5267925,,
dataflow,ESTAT:MIGR_POP1CTZ(1.0),A,TOTAL,TOTAL,NR,F,HU,2010,5257424,,
dataflow,ESTAT:MIGR_POP1CTZ(1.0),A,TOTAL,TOTAL,NR,F,HU,2011,5241821,,
dataflow,ESTAT:MIGR_POP1CTZ(1.0),A,TOTAL,TOTAL,NR,F,HU,2012,5207259,,
dataflow,ESTAT:MIGR_POP1CTZ(1.0),A,TOTAL,TOTAL,NR,F,HU,2013,5182225,,
dataflow,ESTAT:MIGR_POP1CTZ(1.0),A,TOTAL,TOTAL,NR,F,HU,2014,5152770,,
dataflow,ESTAT:MIGR_POP1CTZ(1.0),A,TOTAL,TOTAL,NR,F,HU,2015,5128422,,
dataflow,ESTAT:MIGR_POP1CTZ(1.0),A,TOTAL,TOTAL,NR,F,HU,2016,5101174,,
dataflow,ESTAT:MIGR_POP1CTZ(1.0),A,TOTAL,TOTAL,NR,F,HU,2017,5076104,,
dataflow,ESTAT:MIGR_POP1CTZ(1.0),A,TOTAL,TOTAL,NR,F,HU,2018,5054972,,
dataflow,ESTAT:MIGR_POP1CTZ(1.0),A,TOTAL,TOTAL,NR,F,HU,2019,5039416,,
dataflow,ESTAT:MIGR_POP1CTZ(1.0),A,TOTAL,TOTAL,NR,F,HU,2020,5025500,,
dataflow,ESTAT:MIGR_POP1CTZ(1.0),A,TOTAL,TOTAL,NR,F,HU,2021,5004102,,
dataflow,ESTAT:MIGR_POP1CTZ(1.0),A,TOTAL,TOTAL,NR,F,HU,2022,4981528,,
dataflow,ESTAT:MIGR_POP1CTZ(1.0),A,TOTAL,TOTAL,NR,F,HU,2023,4974484,,
dataflow,ESTAT:MIGR_POP1CTZ(1.0),A,TOTAL,TOTAL,NR,F,HU,2024,4961249,,
dataflow,ESTAT:MIGR_POP1CTZ(1.0),A,TOTAL,TOTAL,NR,F,IE,1998,1859395,,
dataflow,ESTAT:MIGR_POP1CTZ(1.0),A,TOTAL,TOTAL,NR,F,IE,1999,1878331,,
dataflow,ESTAT:MIGR_POP1CTZ(1.0),A,TOTAL,TOTAL,NR,F,IE,2000,1900701,,
dataflow,ESTAT:MIGR_POP1CTZ(1.0),A,TOTAL,TOTAL,NR,F,IE,2001,1927201,,
dataflow,ESTAT:MIGR_POP1CTZ(1.0),A,TOTAL,TOTAL,NR,F,IE,2002,1994964,,
dataflow,ESTAT:MIGR_POP1CTZ(1.0),A,TOTAL,TOTAL,NR,F,IE,2003,1994964,,
dataflow,ESTAT:MIGR_POP1CTZ(1.0),A,TOTAL,TOTAL,NR,F,IE,2004,2025689,,
dataflow,ESTAT:MIGR_POP1CTZ(1.0),A,TOTAL,TOTAL,NR,F,IE,2005,2062322,,
dataflow,ESTAT:MIGR_POP1CTZ(1.0),A,TOTAL,TOTAL,NR,F,IE,2006,2104707,,
dataflow,ESTAT:MIGR_POP1CTZ(1.0),A,TOTAL,TOTAL,NR,F,IE,2007,2167328,b,
dataflow,ESTAT:MIGR_POP1CTZ(1.0),A,TOTAL,TOTAL,NR,F,IE,2008,2231011,,
dataflow,ESTAT:MIGR_POP1CTZ(1.0),A,TOTAL,TOTAL,NR,F,IE,2009,2268664,,
dataflow,ESTAT:MIGR_POP1CTZ(1.0),A,TOTAL,TOTAL,NR,F,IE,2010,2288454,,
dataflow,ESTAT:MIGR_POP1CTZ(1.0),A,TOTAL,TOTAL,NR,F,IE,2011,2301455,,
dataflow,ESTAT:MIGR_POP1CTZ(1.0),A,TOTAL,TOTAL,NR,F,IE,2012,2315288,b,
dataflow,ESTAT:MIGR_POP1CTZ(1.0),A,TOTAL,TOTAL,NR,F,IE,2013,2326317,,
dataflow,ESTAT:MIGR_POP1CTZ(1.0),A,TOTAL,TOTAL,NR,F,IE,2014,2342002,,
dataflow,ESTAT:MIGR_POP1CTZ(1.0),A,TOTAL,TOTAL,NR,F,IE,2015,2364285,,
dataflow,ESTAT:MIGR_POP1CTZ(1.0),A,TOTAL,TOTAL,NR,F,IE,2016,2387145,,
dataflow,ESTAT:MIGR_POP1CTZ(1.0),A,TOTAL,TOTAL,NR,F,IE,2017,2424201,,
dataflow,ESTAT:MIGR_POP1CTZ(1.0),A,TOTAL,TOTAL,NR,F,IE,2018,2451343,,
dataflow,ESTAT:MIGR_POP1CTZ(1.0),A,TOTAL,TOTAL,NR,F,IE,2019,2493497,,
dataflow,ESTAT:MIGR_POP1CTZ(1.0),A,TOTAL,TOTAL,NR,F,IE,2020,2530888,,
dataflow,ESTAT:MIGR_POP1CTZ(1.0),A,TOTAL,TOTAL,NR,F,IE,2021,2557709,,
dataflow,ESTAT:MIGR_POP1CTZ(1.0),A,TOTAL,TOTAL,NR,F,IE,2022,2604045,,
dataflow,ESTAT:MIGR_POP1CTZ(1.0),A,TOTAL,TOTAL,NR,F,IE,2023,2666848,,
dataflow,ESTAT:MIGR_POP1CTZ(1.0),A,TOTAL,TOTAL,NR,F,IE,2024,2708306,,
dataflow,ESTAT:MIGR_POP1CTZ(1.0),A,TOTAL,TOTAL,NR,F,IT,1998,29332801,,
dataflow,ESTAT:MIGR_POP1CTZ(1.0),A,TOTAL,TOTAL,NR,F,IT,1999,29345361,,
dataflow,ESTAT:MIGR_POP1CTZ(1.0),A,TOTAL,TOTAL,NR,F,IT,2000,29360536,,
dataflow,ESTAT:MIGR_POP1CTZ(1.0),A,TOTAL,TOTAL,NR,F,IT,2001,29384366,,
dataflow,ESTAT:MIGR_POP1CTZ(1.0),A,TOTAL,TOTAL,NR,F,IT,2002,29404981,,
dataflow,ESTAT:MIGR_POP1CTZ(1.0),A,TOTAL,TOTAL,NR,F,IT,2003,29499330,,
dataflow,ESTAT:MIGR_POP1CTZ(1.0),A,TOTAL,TOTAL,NR,F,IT,2004,29708271,,
dataflow,ESTAT:MIGR_POP1CTZ(1.0),A,TOTAL,TOTAL,NR,F,IT,2005,29916060,,
dataflow,ESTAT:MIGR_POP1CTZ(1.0),A,TOTAL,TOTAL,NR,F,IT,2006,30038703,,
dataflow,ESTAT:MIGR_POP1CTZ(1.0),A,TOTAL,TOTAL,NR,F,IT,2007,30155967,,
dataflow,ESTAT:MIGR_POP1CTZ(1.0),A,TOTAL,TOTAL,NR,F,IT,2008,30417328,,
dataflow,ESTAT:MIGR_POP1CTZ(1.0),A,TOTAL,TOTAL,NR,F,IT,2009,30639337,,
dataflow,ESTAT:MIGR_POP1CTZ(1.0),A,TOTAL,TOTAL,NR,F,IT,2010,30787289,,
dataflow,ESTAT:MIGR_POP1CTZ(1.0),A,TOTAL,TOTAL,NR,F,IT,2011,30933668,,
dataflow,ESTAT:MIGR_POP1CTZ(1.0),A,TOTAL,TOTAL,NR,F,IT,2012,31014838,,
dataflow,ESTAT:MIGR_POP1CTZ(1.0),A,TOTAL,TOTAL,NR,F,IT,2013,31083410,,
dataflow,ESTAT:MIGR_POP1CTZ(1.0),A,TOTAL,TOTAL,NR,F,IT,2014,31104396,,
dataflow,ESTAT:MIGR_POP1CTZ(1.0),A,TOTAL,TOTAL,NR,F,IT,2015,31067182,,
dataflow,ESTAT:MIGR_POP1CTZ(1.0),A,TOTAL,TOTAL,NR,F,IT,2016,30970668,,
dataflow,ESTAT:MIGR_POP1CTZ(1.0),A,TOTAL,TOTAL,NR,F,IT,2017,30888080,,
dataflow,ESTAT:MIGR_POP1CTZ(1.0),A,TOTAL,TOTAL,NR,F,IT,2018,30781300,,
dataflow,ESTAT:MIGR_POP1CTZ(1.0),A,TOTAL,TOTAL,NR,F,IT,2019,30685478,b,
dataflow,ESTAT:MIGR_POP1CTZ(1.0),A,TOTAL,TOTAL,NR,F,IT,2020,30591392,,
dataflow,ESTAT:MIGR_POP1CTZ(1.0),A,TOTAL,TOTAL,NR,F,IT,2021,30369987,,
dataflow,ESTAT:MIGR_POP1CTZ(1.0),A,TOTAL,TOTAL,NR,F,IT,2022,30211177,,
dataflow,ESTAT:MIGR_POP1CTZ(1.0),A,TOTAL,TOTAL,NR,F,IT,2023,30182369,,
dataflow,ESTAT:MIGR_POP1CTZ(1.0),A,TOTAL,TOTAL,NR,F,IT,2024,30124502,,
dataflow,ESTAT:MIGR_POP1CTZ(1.0),A,TOTAL,TOTAL,NR,F,LT,1999,1878840,,
dataflow,ESTAT:MIGR_POP1CTZ(1.0),A,TOTAL,TOTAL,NR,F,LT,2000,1867773,,
dataflow,ESTAT:MIGR_POP1CTZ(1.0),A,TOTAL,TOTAL,NR,F,LT,2001,1854824,,
dataflow,ESTAT:MIGR_POP1CTZ(1.0),A,TOTAL,TOTAL,NR,F,LT,2002,1841083,,
dataflow,ESTAT:MIGR_POP1CTZ(1.0),A,TOTAL,TOTAL,NR,F,LT,2003,1830399,,
dataflow,ESTAT:MIGR_POP1CTZ(1.0),A,TOTAL,TOTAL,NR,F,LT,2004,1814911,,
dataflow,ESTAT:MIGR_POP1CTZ(1.0),A,TOTAL,TOTAL,NR,F,LT,2005,1792956,,
dataflow,ESTAT:MIGR_POP1CTZ(1.0),A,TOTAL,TOTAL,NR,F,LT,2006,1761372,,
dataflow,ESTAT:MIGR_POP1CTZ(1.0),A,TOTAL,TOTAL,NR,F,LT,2007,1743189,,
dataflow,ESTAT:MIGR_POP1CTZ(1.0),A,TOTAL,TOTAL,NR,F,LT,2008,1725186,,
dataflow,ESTAT:MIGR_POP1CTZ(1.0),A,TOTAL,TOTAL,NR,F,LT,2009,1710504,,
dataflow,ESTAT:MIGR_POP1CTZ(1.0),A,TOTAL,TOTAL,NR,F,LT,2010,1691777,,
dataflow,ESTAT:MIGR_POP1CTZ(1.0),A,TOTAL,TOTAL,NR,F,LT,2011,1645365,,
dataflow,ESTAT:MIGR_POP1CTZ(1.0),A,TOTAL,TOTAL,NR,F,LT,2012,1620130,,
dataflow,ESTAT:MIGR_POP1CTZ(1.0),A,TOTAL,TOTAL,NR,F,LT,2013,1605225,,
dataflow,ESTAT:MIGR_POP1CTZ(1.0),A,TOTAL,TOTAL,NR,F,LT,2014,1591447,,
dataflow,ESTAT:MIGR_POP1CTZ(1.0),A,TOTAL,TOTAL,NR,F,LT,2015,1580254,,
dataflow,ESTAT:MIGR_POP1CTZ(1.0),A,TOTAL,TOTAL,NR,F,LT,2016,1563839,,
dataflow,ESTAT:MIGR_POP1CTZ(1.0),A,TOTAL,TOTAL,NR,F,LT,2017,1544399,,
dataflow,ESTAT:MIGR_POP1CTZ(1.0),A,TOTAL,TOTAL,NR,F,LT,2018,1526156,,
dataflow,ESTAT:MIGR_POP1CTZ(1.0),A,TOTAL,TOTAL,NR,F,LT,2019,1517016,,
dataflow,ESTAT:MIGR_POP1CTZ(1.0),A,TOTAL,TOTAL,NR,F,LT,2020,1510500,,
dataflow,ESTAT:MIGR_POP1CTZ(1.0),A,TOTAL,TOTAL,NR,F,LT,2021,1505796,,
dataflow,ESTAT:MIGR_POP1CTZ(1.0),A,TOTAL,TOTAL,NR,F,LT,2022,1499399,,
dataflow,ESTAT:MIGR_POP1CTZ(1.0),A,TOTAL,TOTAL,NR,F,LT,2023,1521463,,
dataflow,ESTAT:MIGR_POP1CTZ(1.0),A,TOTAL,TOTAL,NR,F,LT,2024,1519986,,
dataflow,ESTAT:MIGR_POP1CTZ(1.0),A,TOTAL,TOTAL,NR,F,LU,1999,217009,,
dataflow,ESTAT:MIGR_POP1CTZ(1.0),A,TOTAL,TOTAL,NR,F,LU,2000,230252,,
dataflow,ESTAT:MIGR_POP1CTZ(1.0),A,TOTAL,TOTAL,NR,F,LU,2001,222998,,
dataflow,ESTAT:MIGR_POP1CTZ(1.0),A,TOTAL,TOTAL,NR,F,LU,2002,225200,,
dataflow,ESTAT:MIGR_POP1CTZ(1.0),A,TOTAL,TOTAL,NR,F,LU,2003,227291,,
dataflow,ESTAT:MIGR_POP1CTZ(1.0),A,TOTAL,TOTAL,NR,F,LU,2004,230300,,
dataflow,ESTAT:MIGR_POP1CTZ(1.0),A,TOTAL,TOTAL,NR,F,LU,2005,233100,,
dataflow,ESTAT:MIGR_POP1CTZ(1.0),A,TOTAL,TOTAL,NR,F,LU,2006,237000,e,
dataflow,ESTAT:MIGR_POP1CTZ(1.0),A,TOTAL,TOTAL,NR,F,LU,2007,240395,e,
dataflow,ESTAT:MIGR_POP1CTZ(1.0),A,TOTAL,TOTAL,NR,F,LU,2008,244192,e,
dataflow,ESTAT:MIGR_POP1CTZ(1.0),A,TOTAL,TOTAL,NR,F,LU,2009,248665,,
dataflow,ESTAT:MIGR_POP1CTZ(1.0),A,TOTAL,TOTAL,NR,F,LU,2010,252660,,
dataflow,ESTAT:MIGR_POP1CTZ(1.0),A,TOTAL,TOTAL,NR,F,LU,2011,257221,,
dataflow,ESTAT:MIGR_POP1CTZ(1.0),A,TOTAL,TOTAL,NR,F,LU,2012,263033,,
dataflow,ESTAT:MIGR_POP1CTZ(1.0),A,TOTAL,TOTAL,NR,F,LU,2013,268627,,
dataflow,ESTAT:MIGR_POP1CTZ(1.0),A,TOTAL,TOTAL,NR,F,LU,2014,274563,,
dataflow,ESTAT:MIGR_POP1CTZ(1.0),A,TOTAL,TOTAL,NR,F,LU,2015,280986,,
dataflow,ESTAT:MIGR_POP1CTZ(1.0),A,TOTAL,TOTAL,NR,F,LU,2016,287056,,
dataflow,ESTAT:MIGR_POP1CTZ(1.0),A,TOTAL,TOTAL,NR,F,LU,2017,294026,b,
dataflow,ESTAT:MIGR_POP1CTZ(1.0),A,TOTAL,TOTAL,NR,F,LU,2018,299425,,
dataflow,ESTAT:MIGR_POP1CTZ(1.0),A,TOTAL,TOTAL,NR,F,LU,2019,305174,,
dataflow,ESTAT:MIGR_POP1CTZ(1.0),A,TOTAL,TOTAL,NR,F,LU,2020,311144,,
dataflow,ESTAT:MIGR_POP1CTZ(1.0),A,TOTAL,TOTAL,NR,F,LU,2021,315274,,
dataflow,ESTAT:MIGR_POP1CTZ(1.0),A,TOTAL,TOTAL,NR,F,LU,2022,320333,,
dataflow,ESTAT:MIGR_POP1CTZ(1.0),A,TOTAL,TOTAL,NR,F,LU,2023,328365,,
dataflow,ESTAT:MIGR_POP1CTZ(1.0),A,TOTAL,TOTAL,NR,F,LU,2024,333776,,
dataflow,ESTAT:MIGR_POP1CTZ(1.0),A,TOTAL,TOTAL,NR,F,LV,2002,1265652,,
dataflow,ESTAT:MIGR_POP1CTZ(1.0),A,TOTAL,TOTAL,NR,F,LV,2003,1258423,,
dataflow,ESTAT:MIGR_POP1CTZ(1.0),A,TOTAL,TOTAL,NR,F,LV,2004,1250867,,
dataflow,ESTAT:MIGR_POP1CTZ(1.0),A,TOTAL,TOTAL,NR,F,LV,2005,1243516,,
dataflow,ESTAT:MIGR_POP1CTZ(1.0),A,TOTAL,TOTAL,NR,F,LV,2006,1237306,,
dataflow,ESTAT:MIGR_POP1CTZ(1.0),A,TOTAL,TOTAL,NR,F,LV,2007,1230271,,
dataflow,ESTAT:MIGR_POP1CTZ(1.0),A,TOTAL,TOTAL,NR,F,LV,2008,1184769,,
dataflow,ESTAT:MIGR_POP1CTZ(1.0),A,TOTAL,TOTAL,NR,F,LV,2009,1170186,,
dataflow,ESTAT:MIGR_POP1CTZ(1.0),A,TOTAL,TOTAL,NR,F,LV,2010,1149573,,
dataflow,ESTAT:MIGR_POP1CTZ(1.0),A,TOTAL,TOTAL,NR,F,LV,2011,1126666,,
dataflow,ESTAT:MIGR_POP1CTZ(1.0),A,TOTAL,TOTAL,NR,F,LV,2012,1110001,,
dataflow,ESTAT:MIGR_POP1CTZ(1.0),A,TOTAL,TOTAL,NR,F,LV,2013,1097245,,
dataflow,ESTAT:MIGR_POP1CTZ(1.0),A,TOTAL,TOTAL,NR,F,LV,2014,1084423,,
dataflow,ESTAT:MIGR_POP1CTZ(1.0),A,TOTAL,TOTAL,NR,F,LV,2015,1074889,,
dataflow,ESTAT:MIGR_POP1CTZ(1.0),A,TOTAL,TOTAL,NR,F,LV,2016,1064658,,
dataflow,ESTAT:MIGR_POP1CTZ(1.0),A,TOTAL,TOTAL,NR,F,LV,2017,1054433,,
dataflow,ESTAT:MIGR_POP1CTZ(1.0),A,TOTAL,TOTAL,NR,F,LV,2018,1044738,,
dataflow,ESTAT:MIGR_POP1CTZ(1.0),A,TOTAL,TOTAL,NR,F,LV,2019,1035059,,
dataflow,ESTAT:MIGR_POP1CTZ(1.0),A,TOTAL,TOTAL,NR,F,LV,2020,1026719,,
dataflow,ESTAT:MIGR_POP1CTZ(1.0),A,TOTAL,TOTAL,NR,F,LV,2021,1017998,,
dataflow,ESTAT:MIGR_POP1CTZ(1.0),A,TOTAL,TOTAL,NR,F,LV,2022,1006700,,
dataflow,ESTAT:MIGR_POP1CTZ(1.0),A,TOTAL,TOTAL,NR,F,LV,2023,1010687,,
dataflow,ESTAT:MIGR_POP1CTZ(1.0),A,TOTAL,TOTAL,NR,F,LV,2024,1003142,,
dataflow,ESTAT:MIGR_POP1CTZ(1.0),A,TOTAL,TOTAL,NR,F,MT,1998,194208,,
dataflow,ESTAT:MIGR_POP1CTZ(1.0),A,TOTAL,TOTAL,NR,F,MT,1999,195277,,
dataflow,ESTAT:MIGR_POP1CTZ(1.0),A,TOTAL,TOTAL,NR,F,MT,2000,196331,,
dataflow,ESTAT:MIGR_POP1CTZ(1.0),A,TOTAL,TOTAL,NR,F,MT,2001,197726,b,
dataflow,ESTAT:MIGR_POP1CTZ(1.0),A,TOTAL,TOTAL,NR,F,MT,2006,204161,,
dataflow,ESTAT:MIGR_POP1CTZ(1.0),A,TOTAL,TOTAL,NR,F,MT,2007,204097,,
dataflow,ESTAT:MIGR_POP1CTZ(1.0),A,TOTAL,TOTAL,NR,F,MT,2008,205098,e,
dataflow,ESTAT:MIGR_POP1CTZ(1.0),A,TOTAL,TOTAL,NR,F,MT,2009,206319,b,
dataflow,ESTAT:MIGR_POP1CTZ(1.0),A,TOTAL,TOTAL,NR,F,MT,2010,207824,,
dataflow,ESTAT:MIGR_POP1CTZ(1.0),A,TOTAL,TOTAL,NR,F,MT,2011,208584,,
dataflow,ESTAT:MIGR_POP1CTZ(1.0),A,TOTAL,TOTAL,NR,F,MT,2012,209851,,
dataflow,ESTAT:MIGR_POP1CTZ(1.0),A,TOTAL,TOTAL,NR,F,MT,2013,211440,,
dataflow,ESTAT:MIGR_POP1CTZ(1.0),A,TOTAL,TOTAL,NR,F,MT,2014,213935,,
dataflow,ESTAT:MIGR_POP1CTZ(1.0),A,TOTAL,TOTAL,NR,F,MT,2015,218310,,
dataflow,ESTAT:MIGR_POP1CTZ(1.0),A,TOTAL,TOTAL,NR,F,MT,2016,223127,,
dataflow,ESTAT:MIGR_POP1CTZ(1.0),A,TOTAL,TOTAL,NR,F,MT,2017,227632,,
dataflow,ESTAT:MIGR_POP1CTZ(1.0),A,TOTAL,TOTAL,NR,F,MT,2018,234099,,
dataflow,ESTAT:MIGR_POP1CTZ(1.0),A,TOTAL,TOTAL,NR,F,MT,2019,240787,,
dataflow,ESTAT:MIGR_POP1CTZ(1.0),A,TOTAL,TOTAL,NR,F,MT,2020,248296,,
dataflow,ESTAT:MIGR_POP1CTZ(1.0),A,TOTAL,TOTAL,NR,F,MT,2021,248511,,
dataflow,ESTAT:MIGR_POP1CTZ(1.0),A,TOTAL,TOTAL,NR,F,MT,2022,249705,,
dataflow,ESTAT:MIGR_POP1CTZ(1.0),A,TOTAL,TOTAL,NR,F,MT,2023,257230,,
dataflow,ESTAT:MIGR_POP1CTZ(1.0),A,TOTAL,TOTAL,NR,F,MT,2024,264697,,
dataflow,ESTAT:MIGR_POP1CTZ(1.0),A,TOTAL,TOTAL,NR,F,NL,1998,7914150,,
dataflow,ESTAT:MIGR_POP1CTZ(1.0),A,TOTAL,TOTAL,NR,F,NL,1999,7966954,,
dataflow,ESTAT:MIGR_POP1CTZ(1.0),A,TOTAL,TOTAL,NR,F,NL,2000,8017633,,
dataflow,ESTAT:MIGR_POP1CTZ(1.0),A,TOTAL,TOTAL,NR,F,NL,2001,8077220,,
dataflow,ESTAT:MIGR_POP1CTZ(1.0),A,TOTAL,TOTAL,NR,F,NL,2002,8133318,,
dataflow,ESTAT:MIGR_POP1CTZ(1.0),A,TOTAL,TOTAL,NR,F,NL,2003,8177101,,
dataflow,ESTAT:MIGR_POP1CTZ(1.0),A,TOTAL,TOTAL,NR,F,NL,2004,8212118,,
dataflow,ESTAT:MIGR_POP1CTZ(1.0),A,TOTAL,TOTAL,NR,F,NL,2005,8239547,,
dataflow,ESTAT:MIGR_POP1CTZ(1.0),A,TOTAL,TOTAL,NR,F,NL,2006,8256803,,
dataflow,ESTAT:MIGR_POP1CTZ(1.0),A,TOTAL,TOTAL,NR,F,NL,2007,8269478,,
dataflow,ESTAT:MIGR_POP1CTZ(1.0),A,TOTAL,TOTAL,NR,F,NL,2008,8293326,,
dataflow,ESTAT:MIGR_POP1CTZ(1.0),A,TOTAL,TOTAL,NR,F,NL,2009,8329391,,
dataflow,ESTAT:MIGR_POP1CTZ(1.0),A,TOTAL,TOTAL,NR,F,NL,2010,8371513,,
dataflow,ESTAT:MIGR_POP1CTZ(1.0),A,TOTAL,TOTAL,NR,F,NL,2011,8412317,,
dataflow,ESTAT:MIGR_POP1CTZ(1.0),A,TOTAL,TOTAL,NR,F,NL,2012,8447477,,
dataflow,ESTAT:MIGR_POP1CTZ(1.0),A,TOTAL,TOTAL,NR,F,NL,2013,8472236,,
dataflow,ESTAT:MIGR_POP1CTZ(1.0),A,TOTAL,TOTAL,NR,F,NL,2014,8494904,,
dataflow,ESTAT:MIGR_POP1CTZ(1.0),A,TOTAL,TOTAL,NR,F,NL,2015,8527868,,
dataflow,ESTAT:MIGR_POP1CTZ(1.0),A,TOTAL,TOTAL,NR,F,NL,2016,8561985,,
dataflow,ESTAT:MIGR_POP1CTZ(1.0),A,TOTAL,TOTAL,NR,F,NL,2017,8606405,,
dataflow,ESTAT:MIGR_POP1CTZ(1.0),A,TOTAL,TOTAL,NR,F,NL,2018,8654043,,
dataflow,ESTAT:MIGR_POP1CTZ(1.0),A,TOTAL,TOTAL,NR,F,NL,2019,8701077,,
dataflow,ESTAT:MIGR_POP1CTZ(1.0),A,TOTAL,TOTAL,NR,F,NL,2020,8759554,,
dataflow,ESTAT:MIGR_POP1CTZ(1.0),A,TOTAL,TOTAL,NR,F,NL,2021,8788879,,
dataflow,ESTAT:MIGR_POP1CTZ(1.0),A,TOTAL,TOTAL,NR,F,NL,2022,8845204,,
dataflow,ESTAT:MIGR_POP1CTZ(1.0),A,TOTAL,TOTAL,NR,F,NL,2023,8960982,,
dataflow,ESTAT:MIGR_POP1CTZ(1.0),A,TOTAL,TOTAL,NR,F,NL,2024,9022174,,
dataflow,ESTAT:MIGR_POP1CTZ(1.0),A,TOTAL,TOTAL,NR,F,PL,1999,19698000,,
dataflow,ESTAT:MIGR_POP1CTZ(1.0),A,TOTAL,TOTAL,NR,F,PL,2000,19715504,,
dataflow,ESTAT:MIGR_POP1CTZ(1.0),A,TOTAL,TOTAL,NR,F,PL,2001,19716616,e,
dataflow,ESTAT:MIGR_POP1CTZ(1.0),A,TOTAL,TOTAL,NR,F,PL,2002,19713677,,
dataflow,ESTAT:MIGR_POP1CTZ(1.0),A,TOTAL,TOTAL,NR,F,PL,2003,19711782,e,
dataflow,ESTAT:MIGR_POP1CTZ(1.0),A,TOTAL,TOTAL,NR,F,PL,2004,19704178,e,
dataflow,ESTAT:MIGR_POP1CTZ(1.0),A,TOTAL,TOTAL,NR,F,PL,2005,19703582,e,
dataflow,ESTAT:MIGR_POP1CTZ(1.0),A,TOTAL,TOTAL,NR,F,PL,2006,19703200,,
dataflow,ESTAT:MIGR_POP1CTZ(1.0),A,TOTAL,TOTAL,NR,F,PL,2007,19698704,,
dataflow,ESTAT:MIGR_POP1CTZ(1.0),A,TOTAL,TOTAL,NR,F,PL,2008,19704140,,
dataflow,ESTAT:MIGR_POP1CTZ(1.0),A,TOTAL,TOTAL,NR,F,PL,2010,19610632,,
dataflow,ESTAT:MIGR_POP1CTZ(1.0),A,TOTAL,TOTAL,NR,F,PL,2011,19633018,p,
dataflow,ESTAT:MIGR_POP1CTZ(1.0),A,TOTAL,TOTAL,NR,F,PL,2012,19636496,p,
dataflow,ESTAT:MIGR_POP1CTZ(1.0),A,TOTAL,TOTAL,NR,F,PL,2013,19636442,,
dataflow,ESTAT:MIGR_POP1CTZ(1.0),A,TOTAL,TOTAL,NR,F,PL,2014,19613892,p,
dataflow,ESTAT:MIGR_POP1CTZ(1.0),A,TOTAL,TOTAL,NR,F,PL,2015,19608451,p,
dataflow,ESTAT:MIGR_POP1CTZ(1.0),A,TOTAL,TOTAL,NR,F,PL,2016,19590169,ep,
dataflow,ESTAT:MIGR_POP1CTZ(1.0),A,TOTAL,TOTAL,NR,F,PL,2017,19595127,ep,
dataflow,ESTAT:MIGR_POP1CTZ(1.0),A,TOTAL,TOTAL,NR,F,PL,2018,19596388,ep,
dataflow,ESTAT:MIGR_POP1CTZ(1.0),A,TOTAL,TOTAL,NR,F,PL,2019,19592436,,
dataflow,ESTAT:MIGR_POP1CTZ(1.0),A,TOTAL,TOTAL,NR,F,PL,2020,19584757,ep,
dataflow,ESTAT:MIGR_POP1CTZ(1.0),A,TOTAL,TOTAL,NR,F,PL,2021,19131216,bep,
dataflow,ESTAT:MIGR_POP1CTZ(1.0),A,TOTAL,TOTAL,NR,F,PL,2022,19043758,ep,
dataflow,ESTAT:MIGR_POP1CTZ(1.0),A,TOTAL,TOTAL,NR,F,PL,2023,18980357,ep,
dataflow,ESTAT:MIGR_POP1CTZ(1.0),A,TOTAL,TOTAL,NR,F,PL,2024,18914999,ep,
dataflow,ESTAT:MIGR_POP1CTZ(1.0),A,TOTAL,TOTAL,NR,F,PT,1998,5255612,,
dataflow,ESTAT:MIGR_POP1CTZ(1.0),A,TOTAL,TOTAL,NR,F,PT,1999,5278786,,
dataflow,ESTAT:MIGR_POP1CTZ(1.0),A,TOTAL,TOTAL,NR,F,PT,2000,5309528,,
dataflow,ESTAT:MIGR_POP1CTZ(1.0),A,TOTAL,TOTAL,NR,F,PT,2002,5343969,,
dataflow,ESTAT:MIGR_POP1CTZ(1.0),A,TOTAL,TOTAL,NR,F,PT,2009,5496775,,
dataflow,ESTAT:MIGR_POP1CTZ(1.0),A,TOTAL,TOTAL,NR,F,PT,2010,5509734,,
dataflow,ESTAT:MIGR_POP1CTZ(1.0),A,TOTAL,TOTAL,NR,F,PT,2011,5519178,,
dataflow,ESTAT:MIGR_POP1CTZ(1.0),A,TOTAL,TOTAL,NR,F,PT,2012,5520561,,
dataflow,ESTAT:MIGR_POP1CTZ(1.0),A,TOTAL,TOTAL,NR,F,PT,2013,5500595,,
dataflow,ESTAT:MIGR_POP1CTZ(1.0),A,TOTAL,TOTAL,NR,F,PT,2014,5478747,,
dataflow,ESTAT:MIGR_POP1CTZ(1.0),A,TOTAL,TOTAL,NR,F,PT,2015,5460453,,
dataflow,ESTAT:MIGR_POP1CTZ(1.0),A,TOTAL,TOTAL,NR,F,PT,2016,5449089,,
dataflow,ESTAT:MIGR_POP1CTZ(1.0),A,TOTAL,TOTAL,NR,F,PT,2017,5436542,,
dataflow,ESTAT:MIGR_POP1CTZ(1.0),A,TOTAL,TOTAL,NR,F,PT,2018,5433139,,
dataflow,ESTAT:MIGR_POP1CTZ(1.0),A,TOTAL,TOTAL,NR,F,PT,2019,5434882,,
dataflow,ESTAT:MIGR_POP1CTZ(1.0),A,TOTAL,TOTAL,NR,F,PT,2020,5448405,,
dataflow,ESTAT:MIGR_POP1CTZ(1.0),A,TOTAL,TOTAL,NR,F,PT,2021,5451426,,
dataflow,ESTAT:MIGR_POP1CTZ(1.0),A,TOTAL,TOTAL,NR,F,PT,2022,5453855,,
dataflow,ESTAT:MIGR_POP1CTZ(1.0),A,TOTAL,TOTAL,NR,F,PT,2023,5495973,,
dataflow,ESTAT:MIGR_POP1CTZ(1.0),A,TOTAL,TOTAL,NR,F,PT,2024,5556158,,
dataflow,ESTAT:MIGR_POP1CTZ(1.0),A,TOTAL,TOTAL,NR,F,RO,2012,10318889,p,
dataflow,ESTAT:MIGR_POP1CTZ(1.0),A,TOTAL,TOTAL,NR,F,RO,2013,10258594,,
dataflow,ESTAT:MIGR_POP1CTZ(1.0),A,TOTAL,TOTAL,NR,F,RO,2014,10201259,,
dataflow,ESTAT:MIGR_POP1CTZ(1.0),A,TOTAL,TOTAL,NR,F,RO,2015,10163573,,
dataflow,ESTAT:MIGR_POP1CTZ(1.0),A,TOTAL,TOTAL,NR,F,RO,2016,10110852,,
dataflow,ESTAT:MIGR_POP1CTZ(1.0),A,TOTAL,TOTAL,NR,F,RO,2017,10041869,,
dataflow,ESTAT:MIGR_POP1CTZ(1.0),A,TOTAL,TOTAL,NR,F,RO,2018,9978614,,
dataflow,ESTAT:MIGR_POP1CTZ(1.0),A,TOTAL,TOTAL,NR,F,RO,2019,9914008,,
dataflow,ESTAT:MIGR_POP1CTZ(1.0),A,TOTAL,TOTAL,NR,F,RO,2020,9868177,e,
dataflow,ESTAT:MIGR_POP1CTZ(1.0),A,TOTAL,TOTAL,NR,F,RO,2021,9814072,,
dataflow,ESTAT:MIGR_POP1CTZ(1.0),A,TOTAL,TOTAL,NR,F,RO,2023,9790587,e,
dataflow,ESTAT:MIGR_POP1CTZ(1.0),A,TOTAL,TOTAL,NR,F,RO,2024,9796206,e,
dataflow,ESTAT:MIGR_POP1CTZ(1.0),A,TOTAL,TOTAL,NR,F,SE,1998,4475712,,
dataflow,ESTAT:MIGR_POP1CTZ(1.0),A,TOTAL,TOTAL,NR,F,SE,1999,4478703,,
dataflow,ESTAT:MIGR_POP1CTZ(1.0),A,TOTAL,TOTAL,NR,F,SE,2000,4481308,,
dataflow,ESTAT:MIGR_POP1CTZ(1.0),A,TOTAL,TOTAL,NR,F,SE,2001,4490039,,
dataflow,ESTAT:MIGR_POP1CTZ(1.0),A,TOTAL,TOTAL,NR,F,SE,2002,4500683,,
dataflow,ESTAT:MIGR_POP1CTZ(1.0),A,TOTAL,TOTAL,NR,F,SE,2003,4513681,,
dataflow,ESTAT:MIGR_POP1CTZ(1.0),A,TOTAL,TOTAL,NR,F,SE,2004,4529014,,
dataflow,ESTAT:MIGR_POP1CTZ(1.0),A,TOTAL,TOTAL,NR,F,SE,2005,4545081,,
dataflow,ESTAT:MIGR_POP1CTZ(1.0),A,TOTAL,TOTAL,NR,F,SE,2006,4561202,,
dataflow,ESTAT:MIGR_POP1CTZ(1.0),A,TOTAL,TOTAL,NR,F,SE,2007,4589734,,
dataflow,ESTAT:MIGR_POP1CTZ(1.0),A,TOTAL,TOTAL,NR,F,SE,2008,4619006,,
dataflow,ESTAT:MIGR_POP1CTZ(1.0),A,TOTAL,TOTAL,NR,F,SE,2009,4652637,,
dataflow,ESTAT:MIGR_POP1CTZ(1.0),A,TOTAL,TOTAL,NR,F,SE,2010,4691668,,
dataflow,ESTAT:MIGR_POP1CTZ(1.0),A,TOTAL,TOTAL,NR,F,SE,2011,4725326,,
dataflow,ESTAT:MIGR_POP1CTZ(1.0),A,TOTAL,TOTAL,NR,F,SE,2012,4756021,,
dataflow,ESTAT:MIGR_POP1CTZ(1.0),A,TOTAL,TOTAL,NR,F,SE,2013,4789988,,
dataflow,ESTAT:MIGR_POP1CTZ(1.0),A,TOTAL,TOTAL,NR,F,SE,2014,4830507,,
dataflow,ESTAT:MIGR_POP1CTZ(1.0),A,TOTAL,TOTAL,NR,F,SE,2015,4875115,,
dataflow,ESTAT:MIGR_POP1CTZ(1.0),A,TOTAL,TOTAL,NR,F,SE,2016,4920051,,
dataflow,ESTAT:MIGR_POP1CTZ(1.0),A,TOTAL,TOTAL,NR,F,SE,2017,4981806,,
dataflow,ESTAT:MIGR_POP1CTZ(1.0),A,TOTAL,TOTAL,NR,F,SE,2018,5037580,,
dataflow,ESTAT:MIGR_POP1CTZ(1.0),A,TOTAL,TOTAL,NR,F,SE,2019,5087747,,
dataflow,ESTAT:MIGR_POP1CTZ(1.0),A,TOTAL,TOTAL,NR,F,SE,2020,5131775,,
dataflow,ESTAT:MIGR_POP1CTZ(1.0),A,TOTAL,TOTAL,NR,F,SE,2021,5156448,,
dataflow,ESTAT:MIGR_POP1CTZ(1.0),A,TOTAL,TOTAL,NR,F,SE,2022,5191619,,
dataflow,ESTAT:MIGR_POP1CTZ(1.0),A,TOTAL,TOTAL,NR,F,SE,2023,5223232,,
dataflow,ESTAT:MIGR_POP1CTZ(1.0),A,TOTAL,TOTAL,NR,F,SE,2024,5239188,,
dataflow,ESTAT:MIGR_POP1CTZ(1.0),A,TOTAL,TOTAL,NR,F,SI,1998,1016763,,
dataflow,ESTAT:MIGR_POP1CTZ(1.0),A,TOTAL,TOTAL,NR,F,SI,1999,1015117,,
dataflow,ESTAT:MIGR_POP1CTZ(1.0),A,TOTAL,TOTAL,NR,F,SI,2000,1016943,,
dataflow,ESTAT:MIGR_POP1CTZ(1.0),A,TOTAL,TOTAL,NR,F,SI,2001,1017352,,
dataflow,ESTAT:MIGR_POP1CTZ(1.0),A,TOTAL,TOTAL,NR,F,SI,2002,1019024,,
dataflow,ESTAT:MIGR_POP1CTZ(1.0),A,TOTAL,TOTAL,NR,F,SI,2003,1019446,,
dataflow,ESTAT:MIGR_POP1CTZ(1.0),A,TOTAL,TOTAL,NR,F,SI,2004,1019631,,
dataflow,ESTAT:MIGR_POP1CTZ(1.0),A,TOTAL,TOTAL,NR,F,SI,2005,1020538,,
dataflow,ESTAT:MIGR_POP1CTZ(1.0),A,TOTAL,TOTAL,NR,F,SI,2006,1021893,,
dataflow,ESTAT:MIGR_POP1CTZ(1.0),A,TOTAL,TOTAL,NR,F,SI,2007,1023395,,
dataflow,ESTAT:MIGR_POP1CTZ(1.0),A,TOTAL,TOTAL,NR,F,SI,2008,1025242,,
dataflow,ESTAT:MIGR_POP1CTZ(1.0),A,TOTAL,TOTAL,NR,F,SI,2009,1028417,b,
dataflow,ESTAT:MIGR_POP1CTZ(1.0),A,TOTAL,TOTAL,NR,F,SI,2010,1032869,,
dataflow,ESTAT:MIGR_POP1CTZ(1.0),A,TOTAL,TOTAL,NR,F,SI,2011,1035626,,
dataflow,ESTAT:MIGR_POP1CTZ(1.0),A,TOTAL,TOTAL,NR,F,SI,2012,1038765,,
dataflow,ESTAT:MIGR_POP1CTZ(1.0),A,TOTAL,TOTAL,NR,F,SI,2013,1039760,,
dataflow,ESTAT:MIGR_POP1CTZ(1.0),A,TOTAL,TOTAL,NR,F,SI,2014,1040211,,
dataflow,ESTAT:MIGR_POP1CTZ(1.0),A,TOTAL,TOTAL,NR,F,SI,2015,1040645,,
dataflow,ESTAT:MIGR_POP1CTZ(1.0),A,TOTAL,TOTAL,NR,F,SI,2016,1040855,,
dataflow,ESTAT:MIGR_POP1CTZ(1.0),A,TOTAL,TOTAL,NR,F,SI,2017,1040770,,
dataflow,ESTAT:MIGR_POP1CTZ(1.0),A,TOTAL,TOTAL,NR,F,SI,2018,1039839,,
dataflow,ESTAT:MIGR_POP1CTZ(1.0),A,TOTAL,TOTAL,NR,F,SI,2019,1042252,,
dataflow,ESTAT:MIGR_POP1CTZ(1.0),A,TOTAL,TOTAL,NR,F,SI,2020,1044795,,
dataflow,ESTAT:MIGR_POP1CTZ(1.0),A,TOTAL,TOTAL,NR,F,SI,2021,1049039,,
dataflow,ESTAT:MIGR_POP1CTZ(1.0),A,TOTAL,TOTAL,NR,F,SI,2022,1049485,,
dataflow,ESTAT:MIGR_POP1CTZ(1.0),A,TOTAL,TOTAL,NR,F,SI,2023,1053701,,
dataflow,ESTAT:MIGR_POP1CTZ(1.0),A,TOTAL,TOTAL,NR,F,SI,2024,1055520,,
dataflow,ESTAT:MIGR_POP1CTZ(1.0),A,TOTAL,TOTAL,NR,F,SK,1999,2769690,,
dataflow,ESTAT:MIGR_POP1CTZ(1.0),A,TOTAL,TOTAL,NR,F,SK,2000,2773531,,
dataflow,ESTAT:MIGR_POP1CTZ(1.0),A,TOTAL,TOTAL,NR,F,SK,2001,2776486,,
dataflow,ESTAT:MIGR_POP1CTZ(1.0),A,TOTAL,TOTAL,NR,F,SK,2002,2767030,,
dataflow,ESTAT:MIGR_POP1CTZ(1.0),A,TOTAL,TOTAL,NR,F,SK,2003,2767855,,
dataflow,ESTAT:MIGR_POP1CTZ(1.0),A,TOTAL,TOTAL,NR,F,SK,2004,2768929,b,
dataflow,ESTAT:MIGR_POP1CTZ(1.0),A,TOTAL,TOTAL,NR,F,SK,2005,2771332,,
dataflow,ESTAT:MIGR_POP1CTZ(1.0),A,TOTAL,TOTAL,NR,F,SK,2006,2773308,,
dataflow,ESTAT:MIGR_POP1CTZ(1.0),A,TOTAL,TOTAL,NR,F,SK,2007,2775353,,
dataflow,ESTAT:MIGR_POP1CTZ(1.0),A,TOTAL,TOTAL,NR,F,SK,2008,2777871,,
dataflow,ESTAT:MIGR_POP1CTZ(1.0),A,TOTAL,TOTAL,NR,F,SK,2009,2782450,b,
dataflow,ESTAT:MIGR_POP1CTZ(1.0),A,TOTAL,TOTAL,NR,F,SK,2010,2787987,,
dataflow,ESTAT:MIGR_POP1CTZ(1.0),A,TOTAL,TOTAL,NR,F,SK,2011,2793033,,
dataflow,ESTAT:MIGR_POP1CTZ(1.0),A,TOTAL,TOTAL,NR,F,SK,2012,2772570,,
dataflow,ESTAT:MIGR_POP1CTZ(1.0),A,TOTAL,TOTAL,NR,F,SK,2013,2774857,,
dataflow,ESTAT:MIGR_POP1CTZ(1.0),A,TOTAL,TOTAL,NR,F,SK,2014,2776889,,
dataflow,ESTAT:MIGR_POP1CTZ(1.0),A,TOTAL,TOTAL,NR,F,SK,2015,2779021,,
dataflow,ESTAT:MIGR_POP1CTZ(1.0),A,TOTAL,TOTAL,NR,F,SK,2016,2780170,,
dataflow,ESTAT:MIGR_POP1CTZ(1.0),A,TOTAL,TOTAL,NR,F,SK,2017,2783659,,
dataflow,ESTAT:MIGR_POP1CTZ(1.0),A,TOTAL,TOTAL,NR,F,SK,2018,2786606,,
dataflow,ESTAT:MIGR_POP1CTZ(1.0),A,TOTAL,TOTAL,NR,F,SK,2019,2789344,,
dataflow,ESTAT:MIGR_POP1CTZ(1.0),A,TOTAL,TOTAL,NR,F,SK,2020,2792523,,
dataflow,ESTAT:MIGR_POP1CTZ(1.0),A,TOTAL,TOTAL,NR,F,SK,2021,2793295,,
dataflow,ESTAT:MIGR_POP1CTZ(1.0),A,TOTAL,TOTAL,NR,F,SK,2022,2776809,,
dataflow,ESTAT:MIGR_POP1CTZ(1.0),A,TOTAL,TOTAL,NR,F,SK,2023,2773698,,
dataflow,ESTAT:MIGR_POP1CTZ(1.0),A,TOTAL,TOTAL,NR,F,SK,2024,2771470,,
dataflow,ESTAT:MIGR_POP1CTZ(1.0),A,TOTAL,TOTAL,NR,M,AT,1998,3848305,,
dataflow,ESTAT:MIGR_POP1CTZ(1.0),A,TOTAL,TOTAL,NR,M,AT,1999,3856029,,
dataflow,ESTAT:MIGR_POP1CTZ(1.0),A,TOTAL,TOTAL,NR,M,AT,2000,3868331,,
dataflow,ESTAT:MIGR_POP1CTZ(1.0),A,TOTAL,TOTAL,NR,M,AT,2001,3889189,,
dataflow,ESTAT:MIGR_POP1CTZ(1.0),A,TOTAL,TOTAL,NR,M,AT,2002,3906734,,
dataflow,ESTAT:MIGR_POP1CTZ(1.0),A,TOTAL,TOTAL,NR,M,AT,2003,3929599,,
dataflow,ESTAT:MIGR_POP1CTZ(1.0),A,TOTAL,TOTAL,NR,M,AT,2004,3952600,,
dataflow,ESTAT:MIGR_POP1CTZ(1.0),A,TOTAL,TOTAL,NR,M,AT,2005,3984866,,
dataflow,ESTAT:MIGR_POP1CTZ(1.0),A,TOTAL,TOTAL,NR,M,AT,2006,4014344,,
dataflow,ESTAT:MIGR_POP1CTZ(1.0),A,TOTAL,TOTAL,NR,M,AT,2007,4030062,,
dataflow,ESTAT:MIGR_POP1CTZ(1.0),A,TOTAL,TOTAL,NR,M,AT,2008,4042489,,
dataflow,ESTAT:MIGR_POP1CTZ(1.0),A,TOTAL,TOTAL,NR,M,AT,2009,4056935,,
dataflow,ESTAT:MIGR_POP1CTZ(1.0),A,TOTAL,TOTAL,NR,M,AT,2010,4066201,,
dataflow,ESTAT:MIGR_POP1CTZ(1.0),A,TOTAL,TOTAL,NR,M,AT,2011,4078871,,
dataflow,ESTAT:MIGR_POP1CTZ(1.0),A,TOTAL,TOTAL,NR,M,AT,2012,4098144,,
dataflow,ESTAT:MIGR_POP1CTZ(1.0),A,TOTAL,TOTAL,NR,M,AT,2013,4123622,,
dataflow,ESTAT:MIGR_POP1CTZ(1.0),A,TOTAL,TOTAL,NR,M,AT,2014,4155339,,
dataflow,ESTAT:MIGR_POP1CTZ(1.0),A,TOTAL,TOTAL,NR,M,AT,2015,4200397,,
dataflow,ESTAT:MIGR_POP1CTZ(1.0),A,TOTAL,TOTAL,NR,M,AT,2016,4272553,,
dataflow,ESTAT:MIGR_POP1CTZ(1.0),A,TOTAL,TOTAL,NR,M,AT,2017,4312441,,
dataflow,ESTAT:MIGR_POP1CTZ(1.0),A,TOTAL,TOTAL,NR,M,AT,2018,4338518,,
dataflow,ESTAT:MIGR_POP1CTZ(1.0),A,TOTAL,TOTAL,NR,M,AT,2019,4357033,,
dataflow,ESTAT:MIGR_POP1CTZ(1.0),A,TOTAL,TOTAL,NR,M,AT,2020,4378772,,
dataflow,ESTAT:MIGR_POP1CTZ(1.0),A,TOTAL,TOTAL,NR,M,AT,2021,4396952,,
dataflow,ESTAT:MIGR_POP1CTZ(1.0),A,TOTAL,TOTAL,NR,M,AT,2022,4425485,,
dataflow,ESTAT:MIGR_POP1CTZ(1.0),A,TOTAL,TOTAL,NR,M,AT,2023,4484815,,
dataflow,ESTAT:MIGR_POP1CTZ(1.0),A,TOTAL,TOTAL,NR,M,AT,2024,4514832,,
dataflow,ESTAT:MIGR_POP1CTZ(1.0),A,TOTAL,TOTAL,NR,M,BE,1998,4982672,,
dataflow,ESTAT:MIGR_POP1CTZ(1.0),A,TOTAL,TOTAL,NR,M,BE,1999,4993718,,
dataflow,ESTAT:MIGR_POP1CTZ(1.0),A,TOTAL,TOTAL,NR,M,BE,2000,5006014,,
dataflow,ESTAT:MIGR_POP1CTZ(1.0),A,TOTAL,TOTAL,NR,M,BE,2001,5018019,,
dataflow,ESTAT:MIGR_POP1CTZ(1.0),A,TOTAL,TOTAL,NR,M,BE,2002,5041263,,
dataflow,ESTAT:MIGR_POP1CTZ(1.0),A,TOTAL,TOTAL,NR,M,BE,2003,5066885,,
dataflow,ESTAT:MIGR_POP1CTZ(1.0),A,TOTAL,TOTAL,NR,M,BE,2004,5087176,,
dataflow,ESTAT:MIGR_POP1CTZ(1.0),A,TOTAL,TOTAL,NR,M,BE,2005,5111325,,
dataflow,ESTAT:MIGR_POP1CTZ(1.0),A,TOTAL,TOTAL,NR,M,BE,2006,5143821,,
dataflow,ESTAT:MIGR_POP1CTZ(1.0),A,TOTAL,TOTAL,NR,M,BE,2007,5181408,,
dataflow,ESTAT:MIGR_POP1CTZ(1.0),A,TOTAL,TOTAL,NR,M,BE,2008,5224309,,
dataflow,ESTAT:MIGR_POP1CTZ(1.0),A,TOTAL,TOTAL,NR,M,BE,2009,5268651,p,
dataflow,ESTAT:MIGR_POP1CTZ(1.0),A,TOTAL,TOTAL,NR,M,BE,2010,5312221,p,
dataflow,ESTAT:MIGR_POP1CTZ(1.0),A,TOTAL,TOTAL,NR,M,BE,2011,5401718,b,
dataflow,ESTAT:MIGR_POP1CTZ(1.0),A,TOTAL,TOTAL,NR,M,BE,2012,5440288,b,
dataflow,ESTAT:MIGR_POP1CTZ(1.0),A,TOTAL,TOTAL,NR,M,BE,2013,5472856,,
dataflow,ESTAT:MIGR_POP1CTZ(1.0),A,TOTAL,TOTAL,NR,M,BE,2014,5493792,,
dataflow,ESTAT:MIGR_POP1CTZ(1.0),A,TOTAL,TOTAL,NR,M,BE,2015,5524068,,
dataflow,ESTAT:MIGR_POP1CTZ(1.0),A,TOTAL,TOTAL,NR,M,BE,2016,5569264,,
dataflow,ESTAT:MIGR_POP1CTZ(1.0),A,TOTAL,TOTAL,NR,M,BE,2017,5589272,,
dataflow,ESTAT:MIGR_POP1CTZ(1.0),A,TOTAL,TOTAL,NR,M,BE,2018,5614218,,
dataflow,ESTAT:MIGR_POP1CTZ(1.0),A,TOTAL,TOTAL,NR,M,BE,2019,5644826,,
dataflow,ESTAT:MIGR_POP1CTZ(1.0),A,TOTAL,TOTAL,NR,M,BE,2020,5681225,,
dataflow,ESTAT:MIGR_POP1CTZ(1.0),A,TOTAL,TOTAL,NR,M,BE,2021,5700474,,
dataflow,ESTAT:MIGR_POP1CTZ(1.0),A,TOTAL,TOTAL,NR,M,BE,2022,5733645,,
dataflow,ESTAT:MIGR_POP1CTZ(1.0),A,TOTAL,TOTAL,NR,M,BE,2023,5796147,,
dataflow,ESTAT:MIGR_POP1CTZ(1.0),A,TOTAL,TOTAL,NR,M,BE,2024,5836003,,
dataflow,ESTAT:MIGR_POP1CTZ(1.0),A,TOTAL,TOTAL,NR,M,BG,2008,3660367,,
dataflow,ESTAT:MIGR_POP1CTZ(1.0),A,TOTAL,TOTAL,NR,M,BG,2009,3635855,,
dataflow,ESTAT:MIGR_POP1CTZ(1.0),A,TOTAL,TOTAL,NR,M,BG,2010,3613958,,
dataflow,ESTAT:MIGR_POP1CTZ(1.0),A,TOTAL,TOTAL,NR,M,BG,2011,3588926,,
dataflow,ESTAT:MIGR_POP1CTZ(1.0),A,TOTAL,TOTAL,NR,M,BG,2012,3566767,,
dataflow,ESTAT:MIGR_POP1CTZ(1.0),A,TOTAL,TOTAL,NR,M,BG,2013,3500611,,
dataflow,ESTAT:MIGR_POP1CTZ(1.0),A,TOTAL,TOTAL,NR,M,BG,2014,3454629,,
dataflow,ESTAT:MIGR_POP1CTZ(1.0),A,TOTAL,TOTAL,NR,M,BG,2015,3407807,,
dataflow,ESTAT:MIGR_POP1CTZ(1.0),A,TOTAL,TOTAL,NR,M,BG,2016,3359761,,
dataflow,ESTAT:MIGR_POP1CTZ(1.0),A,TOTAL,TOTAL,NR,M,BG,2017,3311969,,
dataflow,ESTAT:MIGR_POP1CTZ(1.0),A,TOTAL,TOTAL,NR,M,BG,2018,3263234,,
dataflow,ESTAT:MIGR_POP1CTZ(1.0),A,TOTAL,TOTAL,NR,M,BG,2019,3213926,,
dataflow,ESTAT:MIGR_POP1CTZ(1.0),A,TOTAL,TOTAL,NR,M,BG,2020,3163414,,
dataflow,ESTAT:MIGR_POP1CTZ(1.0),A,TOTAL,TOTAL,NR,M,BG,2021,3142310,,
dataflow,ESTAT:MIGR_POP1CTZ(1.0),A,TOTAL,TOTAL,NR,M,BG,2022,3118181,,
dataflow,ESTAT:MIGR_POP1CTZ(1.0),A,TOTAL,TOTAL,NR,M,BG,2023,3099503,,
dataflow,ESTAT:MIGR_POP1CTZ(1.0),A,TOTAL,TOTAL,NR,M,BG,2024,3097698,,
dataflow,ESTAT:MIGR_POP1CTZ(1.0),A,TOTAL,TOTAL,NR,M,CY,2009,395001,,
dataflow,ESTAT:MIGR_POP1CTZ(1.0),A,TOTAL,TOTAL,NR,M,CY,2010,399605,,
dataflow,ESTAT:MIGR_POP1CTZ(1.0),A,TOTAL,TOTAL,NR,M,CY,2011,408758,,
dataflow,ESTAT:MIGR_POP1CTZ(1.0),A,TOTAL,TOTAL,NR,M,CY,2012,418993,,
dataflow,ESTAT:MIGR_POP1CTZ(1.0),A,TOTAL,TOTAL,NR,M,CY,2013,421036,,
dataflow,ESTAT:MIGR_POP1CTZ(1.0),A,TOTAL,TOTAL,NR,M,CY,2014,417538,,
dataflow,ESTAT:MIGR_POP1CTZ(1.0),A,TOTAL,TOTAL,NR,M,CY,2015,411825,,
dataflow,ESTAT:MIGR_POP1CTZ(1.0),A,TOTAL,TOTAL,NR,M,CY,2016,412692,,
dataflow,ESTAT:MIGR_POP1CTZ(1.0),A,TOTAL,TOTAL,NR,M,CY,2017,416663,,
dataflow,ESTAT:MIGR_POP1CTZ(1.0),A,TOTAL,TOTAL,NR,M,CY,2018,421508,,
dataflow,ESTAT:MIGR_POP1CTZ(1.0),A,TOTAL,TOTAL,NR,M,CY,2019,427831,,
dataflow,ESTAT:MIGR_POP1CTZ(1.0),A,TOTAL,TOTAL,NR,M,CY,2020,434471,,
dataflow,ESTAT:MIGR_POP1CTZ(1.0),A,TOTAL,TOTAL,NR,M,CY,2021,437650,,
dataflow,ESTAT:MIGR_POP1CTZ(1.0),A,TOTAL,TOTAL,NR,M,CY,2022,441083,,
dataflow,ESTAT:MIGR_POP1CTZ(1.0),A,TOTAL,TOTAL,NR,M,CY,2023,465129,b,
dataflow,ESTAT:MIGR_POP1CTZ(1.0),A,TOTAL,TOTAL,NR,M,CY,2024,475594,,
dataflow,ESTAT:MIGR_POP1CTZ(1.0),A,TOTAL,TOTAL,NR,M,CZ,1999,5005435,,
dataflow,ESTAT:MIGR_POP1CTZ(1.0),A,TOTAL,TOTAL,NR,M,CZ,2000,5121484,,
dataflow,ESTAT:MIGR_POP1CTZ(1.0),A,TOTAL,TOTAL,NR,M,CZ,2001,5076258,,
dataflow,ESTAT:MIGR_POP1CTZ(1.0),A,TOTAL,TOTAL,NR,M,CZ,2002,4967986,,
dataflow,ESTAT:MIGR_POP1CTZ(1.0),A,TOTAL,TOTAL,NR,M,CZ,2003,4966706,,
dataflow,ESTAT:MIGR_POP1CTZ(1.0),A,TOTAL,TOTAL,NR,M,CZ,2004,4974740,,
dataflow,ESTAT:MIGR_POP1CTZ(1.0),A,TOTAL,TOTAL,NR,M,CZ,2005,4980913,,
dataflow,ESTAT:MIGR_POP1CTZ(1.0),A,TOTAL,TOTAL,NR,M,CZ,2006,5002648,,
dataflow,ESTAT:MIGR_POP1CTZ(1.0),A,TOTAL,TOTAL,NR,M,CZ,2007,5026184,,
dataflow,ESTAT:MIGR_POP1CTZ(1.0),A,TOTAL,TOTAL,NR,M,CZ,2008,5082934,,
dataflow,ESTAT:MIGR_POP1CTZ(1.0),A,TOTAL,TOTAL,NR,M,CZ,2009,5136377,,
dataflow,ESTAT:MIGR_POP1CTZ(1.0),A,TOTAL,TOTAL,NR,M,CZ,2010,5157197,,
dataflow,ESTAT:MIGR_POP1CTZ(1.0),A,TOTAL,TOTAL,NR,M,CZ,2011,5168799,,
dataflow,ESTAT:MIGR_POP1CTZ(1.0),A,TOTAL,TOTAL,NR,M,CZ,2012,5158210,,
dataflow,ESTAT:MIGR_POP1CTZ(1.0),A,TOTAL,TOTAL,NR,M,CZ,2013,5164349,,
dataflow,ESTAT:MIGR_POP1CTZ(1.0),A,TOTAL,TOTAL,NR,M,CZ,2014,5162380,,
dataflow,ESTAT:MIGR_POP1CTZ(1.0),A,TOTAL,TOTAL,NR,M,CZ,2015,5176927,,
dataflow,ESTAT:MIGR_POP1CTZ(1.0),A,TOTAL,TOTAL,NR,M,CZ,2016,5186330,,
dataflow,ESTAT:MIGR_POP1CTZ(1.0),A,TOTAL,TOTAL,NR,M,CZ,2017,5200687,,
dataflow,ESTAT:MIGR_POP1CTZ(1.0),A,TOTAL,TOTAL,NR,M,CZ,2018,5219791,,
dataflow,ESTAT:MIGR_POP1CTZ(1.0),A,TOTAL,TOTAL,NR,M,CZ,2019,5244194,,
dataflow,ESTAT:MIGR_POP1CTZ(1.0),A,TOTAL,TOTAL,NR,M,CZ,2020,5271996,,
dataflow,ESTAT:MIGR_POP1CTZ(1.0),A,TOTAL,TOTAL,NR,M,CZ,2021,5170902,b,
dataflow,ESTAT:MIGR_POP1CTZ(1.0),A,TOTAL,TOTAL,NR,M,CZ,2022,5183775,,
dataflow,ESTAT:MIGR_POP1CTZ(1.0),A,TOTAL,TOTAL,NR,M,CZ,2023,5308523,,
dataflow,ESTAT:MIGR_POP1CTZ(1.0),A,TOTAL,TOTAL,NR,M,CZ,2024,5342610,,
dataflow,ESTAT:MIGR_POP1CTZ(1.0),A,TOTAL,TOTAL,NR,M,DE,1998,39992311,,
dataflow,ESTAT:MIGR_POP1CTZ(1.0),A,TOTAL,TOTAL,NR,M,DE,1999,40004142,,
dataflow,ESTAT:MIGR_POP1CTZ(1.0),A,TOTAL,TOTAL,NR,M,DE,2000,40090776,,
dataflow,ESTAT:MIGR_POP1CTZ(1.0),A,TOTAL,TOTAL,NR,M,DE,2001,40156536,,
dataflow,ESTAT:MIGR_POP1CTZ(1.0),A,TOTAL,TOTAL,NR,M,DE,2002,40274676,,
dataflow,ESTAT:MIGR_POP1CTZ(1.0),A,TOTAL,TOTAL,NR,M,DE,2003,40344879,,
dataflow,ESTAT:MIGR_POP1CTZ(1.0),A,TOTAL,TOTAL,NR,M,DE,2004,40356014,,
dataflow,ESTAT:MIGR_POP1CTZ(1.0),A,TOTAL,TOTAL,NR,M,DE,2005,40353627,,
dataflow,ESTAT:MIGR_POP1CTZ(1.0),A,TOTAL,TOTAL,NR,M,DE,2006,40339961,,
dataflow,ESTAT:MIGR_POP1CTZ(1.0),A,TOTAL,TOTAL,NR,M,DE,2007,40301166,,
dataflow,ESTAT:MIGR_POP1CTZ(1.0),A,TOTAL,TOTAL,NR,M,DE,2008,40274292,,
dataflow,ESTAT:MIGR_POP1CTZ(1.0),A,TOTAL,TOTAL,NR,M,DE,2009,40184283,,
dataflow,ESTAT:MIGR_POP1CTZ(1.0),A,TOTAL,TOTAL,NR,M,DE,2010,40103606,,
dataflow,ESTAT:MIGR_POP1CTZ(1.0),A,TOTAL,TOTAL,NR,M,DE,2011,39124600,b,
dataflow,ESTAT:MIGR_POP1CTZ(1.0),A,TOTAL,TOTAL,NR,M,DE,2012,39229947,,
dataflow,ESTAT:MIGR_POP1CTZ(1.0),A,TOTAL,TOTAL,NR,M,DE,2013,39380976,,
dataflow,ESTAT:MIGR_POP1CTZ(1.0),A,TOTAL,TOTAL,NR,M,DE,2014,39556923,,
dataflow,ESTAT:MIGR_POP1CTZ(1.0),A,TOTAL,TOTAL,NR,M,DE,2015,39835457,,
dataflow,ESTAT:MIGR_POP1CTZ(1.0),A,TOTAL,TOTAL,NR,M,DE,2016,40514123,,
dataflow,ESTAT:MIGR_POP1CTZ(1.0),A,TOTAL,TOTAL,NR,M,DE,2017,40697118,,
dataflow,ESTAT:MIGR_POP1CTZ(1.0),A,TOTAL,TOTAL,NR,M,DE,2018,40843565,,
dataflow,ESTAT:MIGR_POP1CTZ(1.0),A,TOTAL,TOTAL,NR,M,DE,2019,40966691,,
dataflow,ESTAT:MIGR_POP1CTZ(1.0),A,TOTAL,TOTAL,NR,M,DE,2020,41037613,,
dataflow,ESTAT:MIGR_POP1CTZ(1.0),A,TOTAL,TOTAL,NR,M,DE,2021,41026519,,
dataflow,ESTAT:MIGR_POP1CTZ(1.0),A,TOTAL,TOTAL,NR,M,DE,2022,41066785,,
dataflow,ESTAT:MIGR_POP1CTZ(1.0),A,TOTAL,TOTAL,NR,M,DE,2023,40919705,b,
dataflow,ESTAT:MIGR_POP1CTZ(1.0),A,TOTAL,TOTAL,NR,M,DE,2024,41161931,,
dataflow,ESTAT:MIGR_POP1CTZ(1.0),A,TOTAL,TOTAL,NR,M,DK,1998,2615669,,
dataflow,ESTAT:MIGR_POP1CTZ(1.0),A,TOTAL,TOTAL,NR,M,DK,1999,2625421,,
dataflow,ESTAT:MIGR_POP1CTZ(1.0),A,TOTAL,TOTAL,NR,M,DK,2000,2634122,,
dataflow,ESTAT:MIGR_POP1CTZ(1.0),A,TOTAL,TOTAL,NR,M,DK,2001,2644319,,
dataflow,ESTAT:MIGR_POP1CTZ(1.0),A,TOTAL,TOTAL,NR,M,DK,2002,2654146,,
dataflow,ESTAT:MIGR_POP1CTZ(1.0),A,TOTAL,TOTAL,NR,M,DK,2003,2662423,,
dataflow,ESTAT:MIGR_POP1CTZ(1.0),A,TOTAL,TOTAL,NR,M,DK,2004,2670135,,
dataflow,ESTAT:MIGR_POP1CTZ(1.0),A,TOTAL,TOTAL,NR,M,DK,2005,2677292,,
dataflow,ESTAT:MIGR_POP1CTZ(1.0),A,TOTAL,TOTAL,NR,M,DK,2006,2685846,,
dataflow,ESTAT:MIGR_POP1CTZ(1.0),A,TOTAL,TOTAL,NR,M,DK,2007,2696662,,
dataflow,ESTAT:MIGR_POP1CTZ(1.0),A,TOTAL,TOTAL,NR,M,DK,2008,2712650,,
dataflow,ESTAT:MIGR_POP1CTZ(1.0),A,TOTAL,TOTAL,NR,M,DK,2009,2732020,,
dataflow,ESTAT:MIGR_POP1CTZ(1.0),A,TOTAL,TOTAL,NR,M,DK,2010,2743286,,
dataflow,ESTAT:MIGR_POP1CTZ(1.0),A,TOTAL,TOTAL,NR,M,DK,2011,2756582,,
dataflow,ESTAT:MIGR_POP1CTZ(1.0),A,TOTAL,TOTAL,NR,M,DK,2012,2766776,,
dataflow,ESTAT:MIGR_POP1CTZ(1.0),A,TOTAL,TOTAL,NR,M,DK,2013,2778852,,
dataflow,ESTAT:MIGR_POP1CTZ(1.0),A,TOTAL,TOTAL,NR,M,DK,2014,2792279,,
dataflow,ESTAT:MIGR_POP1CTZ(1.0),A,TOTAL,TOTAL,NR,M,DK,2015,2811014,,
dataflow,ESTAT:MIGR_POP1CTZ(1.0),A,TOTAL,TOTAL,NR,M,DK,2016,2837887,,
dataflow,ESTAT:MIGR_POP1CTZ(1.0),A,TOTAL,TOTAL,NR,M,DK,2017,2860178,,
dataflow,ESTAT:MIGR_POP1CTZ(1.0),A,TOTAL,TOTAL,NR,M,DK,2018,2876473,,
dataflow,ESTAT:MIGR_POP1CTZ(1.0),A,TOTAL,TOTAL,NR,M,DK,2019,2889073,,
dataflow,ESTAT:MIGR_POP1CTZ(1.0),A,TOTAL,TOTAL,NR,M,DK,2020,2896918,,
dataflow,ESTAT:MIGR_POP1CTZ(1.0),A,TOTAL,TOTAL,NR,M,DK,2021,2904857,,
dataflow,ESTAT:MIGR_POP1CTZ(1.0),A,TOTAL,TOTAL,NR,M,DK,2022,2922915,,
dataflow,ESTAT:MIGR_POP1CTZ(1.0),A,TOTAL,TOTAL,NR,M,DK,2023,2948999,,
dataflow,ESTAT:MIGR_POP1CTZ(1.0),A,TOTAL,TOTAL,NR,M,DK,2024,2963691,,
dataflow,ESTAT:MIGR_POP1CTZ(1.0),A,TOTAL,TOTAL,NR,M,EE,2000,631851,,
dataflow,ESTAT:MIGR_POP1CTZ(1.0),A,TOTAL,TOTAL,NR,M,EE,2009,617299,,
dataflow,ESTAT:MIGR_POP1CTZ(1.0),A,TOTAL,TOTAL,NR,M,EE,2010,617323,,
dataflow,ESTAT:MIGR_POP1CTZ(1.0),A,TOTAL,TOTAL,NR,M,EE,2011,610991,b,
dataflow,ESTAT:MIGR_POP1CTZ(1.0),A,TOTAL,TOTAL,NR,M,EE,2012,610318,,
dataflow,ESTAT:MIGR_POP1CTZ(1.0),A,TOTAL,TOTAL,NR,M,EE,2013,616167,,
dataflow,ESTAT:MIGR_POP1CTZ(1.0),A,TOTAL,TOTAL,NR,M,EE,2014,614919,,
dataflow,ESTAT:MIGR_POP1CTZ(1.0),A,TOTAL,TOTAL,NR,M,EE,2015,614704,b,
dataflow,ESTAT:MIGR_POP1CTZ(1.0),A,TOTAL,TOTAL,NR,M,EE,2016,616708,,
dataflow,ESTAT:MIGR_POP1CTZ(1.0),A,TOTAL,TOTAL,NR,M,EE,2017,617538,,
dataflow,ESTAT:MIGR_POP1CTZ(1.0),A,TOTAL,TOTAL,NR,M,EE,2018,621084,,
dataflow,ESTAT:MIGR_POP1CTZ(1.0),A,TOTAL,TOTAL,NR,M,EE,2019,625635,,
dataflow,ESTAT:MIGR_POP1CTZ(1.0),A,TOTAL,TOTAL,NR,M,EE,2020,629277,,
dataflow,ESTAT:MIGR_POP1CTZ(1.0),A,TOTAL,TOTAL,NR,M,EE,2021,630915,,
dataflow,ESTAT:MIGR_POP1CTZ(1.0),A,TOTAL,TOTAL,NR,M,EE,2022,633415,,
dataflow,ESTAT:MIGR_POP1CTZ(1.0),A,TOTAL,TOTAL,NR,M,EE,2023,647366,,
dataflow,ESTAT:MIGR_POP1CTZ(1.0),A,TOTAL,TOTAL,NR,M,EE,2024,651613,,
dataflow,ESTAT:MIGR_POP1CTZ(1.0),A,TOTAL,TOTAL,NR,M,EL,1998,5181224,,
dataflow,ESTAT:MIGR_POP1CTZ(1.0),A,TOTAL,TOTAL,NR,M,EL,2001,5413426,,
dataflow,ESTAT:MIGR_POP1CTZ(1.0),A,TOTAL,TOTAL,NR,M,EL,2004,5464401,e,
dataflow,ESTAT:MIGR_POP1CTZ(1.0),A,TOTAL,TOTAL,NR,M,EL,2009,5456095,,
dataflow,ESTAT:MIGR_POP1CTZ(1.0),A,TOTAL,TOTAL,NR,M,EL,2010,5460865,,
dataflow,ESTAT:MIGR_POP1CTZ(1.0),A,TOTAL,TOTAL,NR,M,EL,2011,5453444,,
dataflow,ESTAT:MIGR_POP1CTZ(1.0),A,TOTAL,TOTAL,NR,M,EL,2012,5423884,,
dataflow,ESTAT:MIGR_POP1CTZ(1.0),A,TOTAL,TOTAL,NR,M,EL,2013,5366251,,
dataflow,ESTAT:MIGR_POP1CTZ(1.0),A,TOTAL,TOTAL,NR,M,EL,2014,5313239,,
dataflow,ESTAT:MIGR_POP1CTZ(1.0),A,TOTAL,TOTAL,NR,M,EL,2015,5268390,,
dataflow,ESTAT:MIGR_POP1CTZ(1.0),A,TOTAL,TOTAL,NR,M,EL,2016,5224210,,
dataflow,ESTAT:MIGR_POP1CTZ(1.0),A,TOTAL,TOTAL,NR,M,EL,2017,5221277,,
dataflow,ESTAT:MIGR_POP1CTZ(1.0),A,TOTAL,TOTAL,NR,M,EL,2018,5210040,,
dataflow,ESTAT:MIGR_POP1CTZ(1.0),A,TOTAL,TOTAL,NR,M,EL,2019,5208293,,
dataflow,ESTAT:MIGR_POP1CTZ(1.0),A,TOTAL,TOTAL,NR,M,EL,2020,5215488,,
dataflow,ESTAT:MIGR_POP1CTZ(1.0),A,TOTAL,TOTAL,NR,M,EL,2021,5196048,,
dataflow,ESTAT:MIGR_POP1CTZ(1.0),A,TOTAL,TOTAL,NR,M,EL,2022,5114747,b,
dataflow,ESTAT:MIGR_POP1CTZ(1.0),A,TOTAL,TOTAL,NR,M,EL,2023,5093339,,
dataflow,ESTAT:MIGR_POP1CTZ(1.0),A,TOTAL,TOTAL,NR,M,EL,2024,5096893,,
dataflow,ESTAT:MIGR_POP1CTZ(1.0),A,TOTAL,TOTAL,NR,M,ES,1998,19664568,,
dataflow,ESTAT:MIGR_POP1CTZ(1.0),A,TOTAL,TOTAL,NR,M,ES,1999,19744258,,
dataflow,ESTAT:MIGR_POP1CTZ(1.0),A,TOTAL,TOTAL,NR,M,ES,2000,19826337,,
dataflow,ESTAT:MIGR_POP1CTZ(1.0),A,TOTAL,TOTAL,NR,M,ES,2001,19923890,,
dataflow,ESTAT:MIGR_POP1CTZ(1.0),A,TOTAL,TOTAL,NR,M,ES,2002,20115523,,
dataflow,ESTAT:MIGR_POP1CTZ(1.0),A,TOTAL,TOTAL,NR,M,ES,2003,20542468,,
dataflow,ESTAT:MIGR_POP1CTZ(1.0),A,TOTAL,TOTAL,NR,M,ES,2004,20924583,,
dataflow,ESTAT:MIGR_POP1CTZ(1.0),A,TOTAL,TOTAL,NR,M,ES,2005,21335281,,
dataflow,ESTAT:MIGR_POP1CTZ(1.0),A,TOTAL,TOTAL,NR,M,ES,2006,21719316,,
dataflow,ESTAT:MIGR_POP1CTZ(1.0),A,TOTAL,TOTAL,NR,M,ES,2007,22118969,,
dataflow,ESTAT:MIGR_POP1CTZ(1.0),A,TOTAL,TOTAL,NR,M,ES,2008,22591485,,
dataflow,ESTAT:MIGR_POP1CTZ(1.0),A,TOTAL,TOTAL,NR,M,ES,2009,22880536,,
dataflow,ESTAT:MIGR_POP1CTZ(1.0),A,TOTAL,TOTAL,NR,M,ES,2010,22982269,,
dataflow,ESTAT:MIGR_POP1CTZ(1.0),A,TOTAL,TOTAL,NR,M,ES,2011,23049476,,
dataflow,ESTAT:MIGR_POP1CTZ(1.0),A,TOTAL,TOTAL,NR,M,ES,2012,23099012,,
dataflow,ESTAT:MIGR_POP1CTZ(1.0),A,TOTAL,TOTAL,NR,M,ES,2013,23013226,,
dataflow,ESTAT:MIGR_POP1CTZ(1.0),A,TOTAL,TOTAL,NR,M,ES,2014,22874710,,
dataflow,ESTAT:MIGR_POP1CTZ(1.0),A,TOTAL,TOTAL,NR,M,ES,2015,22822721,,
dataflow,ESTAT:MIGR_POP1CTZ(1.0),A,TOTAL,TOTAL,NR,M,ES,2016,22806445,,
dataflow,ESTAT:MIGR_POP1CTZ(1.0),A,TOTAL,TOTAL,NR,M,ES,2017,22831107,,
dataflow,ESTAT:MIGR_POP1CTZ(1.0),A,TOTAL,TOTAL,NR,M,ES,2018,22889600,,
dataflow,ESTAT:MIGR_POP1CTZ(1.0),A,TOTAL,TOTAL,NR,M,ES,2019,23016783,,
dataflow,ESTAT:MIGR_POP1CTZ(1.0),A,TOTAL,TOTAL,NR,M,ES,2020,23210668,,
dataflow,ESTAT:MIGR_POP1CTZ(1.0),A,TOTAL,TOTAL,NR,M,ES,2021,23248611,,
dataflow,ESTAT:MIGR_POP1CTZ(1.0),A,TOTAL,TOTAL,NR,M,ES,2022,23288797,,
dataflow,ESTAT:MIGR_POP1CTZ(1.0),A,TOTAL,TOTAL,NR,M,ES,2023,23565593,,
dataflow,ESTAT:MIGR_POP1CTZ(1.0),A,TOTAL,TOTAL,NR,M,ES,2024,23826871,,
dataflow,ESTAT:MIGR_POP1CTZ(1.0),A,TOTAL,TOTAL,NR,M,FI,1998,2509098,,
dataflow,ESTAT:MIGR_POP1CTZ(1.0),A,TOTAL,TOTAL,NR,M,FI,1999,2516075,,
dataflow,ESTAT:MIGR_POP1CTZ(1.0),A,TOTAL,TOTAL,NR,M,FI,2000,2523026,,
dataflow,ESTAT:MIGR_POP1CTZ(1.0),A,TOTAL,TOTAL,NR,M,FI,2001,2529341,,
dataflow,ESTAT:MIGR_POP1CTZ(1.0),A,TOTAL,TOTAL,NR,M,FI,2002,2537597,,
dataflow,ESTAT:MIGR_POP1CTZ(1.0),A,TOTAL,TOTAL,NR,M,FI,2003,2544916,,
dataflow,ESTAT:MIGR_POP1CTZ(1.0),A,TOTAL,TOTAL,NR,M,FI,2004,2552893,,
dataflow,ESTAT:MIGR_POP1CTZ(1.0),A,TOTAL,TOTAL,NR,M,FI,2005,2562077,,
dataflow,ESTAT:MIGR_POP1CTZ(1.0),A,TOTAL,TOTAL,NR,M,FI,2006,2572350,,
dataflow,ESTAT:MIGR_POP1CTZ(1.0),A,TOTAL,TOTAL,NR,M,FI,2007,2583742,,
dataflow,ESTAT:MIGR_POP1CTZ(1.0),A,TOTAL,TOTAL,NR,M,FI,2008,2596787,,
dataflow,ESTAT:MIGR_POP1CTZ(1.0),A,TOTAL,TOTAL,NR,M,FI,2009,2611653,,
dataflow,ESTAT:MIGR_POP1CTZ(1.0),A,TOTAL,TOTAL,NR,M,FI,2010,2625067,,
dataflow,ESTAT:MIGR_POP1CTZ(1.0),A,TOTAL,TOTAL,NR,M,FI,2011,2638416,,
dataflow,ESTAT:MIGR_POP1CTZ(1.0),A,TOTAL,TOTAL,NR,M,FI,2012,2652534,,
dataflow,ESTAT:MIGR_POP1CTZ(1.0),A,TOTAL,TOTAL,NR,M,FI,2013,2666622,,
dataflow,ESTAT:MIGR_POP1CTZ(1.0),A,TOTAL,TOTAL,NR,M,FI,2014,2680364,,
dataflow,ESTAT:MIGR_POP1CTZ(1.0),A,TOTAL,TOTAL,NR,M,FI,2015,2691863,,
dataflow,ESTAT:MIGR_POP1CTZ(1.0),A,TOTAL,TOTAL,NR,M,FI,2016,2701490,,
dataflow,ESTAT:MIGR_POP1CTZ(1.0),A,TOTAL,TOTAL,NR,M,FI,2017,2712327,,
dataflow,ESTAT:MIGR_POP1CTZ(1.0),A,TOTAL,TOTAL,NR,M,FI,2018,2719131,,
dataflow,ESTAT:MIGR_POP1CTZ(1.0),A,TOTAL,TOTAL,NR,M,FI,2019,2723290,,
dataflow,ESTAT:MIGR_POP1CTZ(1.0),A,TOTAL,TOTAL,NR,M,FI,2020,2728262,,
dataflow,ESTAT:MIGR_POP1CTZ(1.0),A,TOTAL,TOTAL,NR,M,FI,2021,2733808,,
dataflow,ESTAT:MIGR_POP1CTZ(1.0),A,TOTAL,TOTAL,NR,M,FI,2022,2743101,,
dataflow,ESTAT:MIGR_POP1CTZ(1.0),A,TOTAL,TOTAL,NR,M,FI,2023,2753477,,
dataflow,ESTAT:MIGR_POP1CTZ(1.0),A,TOTAL,TOTAL,NR,M,FI,2024,2773898,,
dataflow,ESTAT:MIGR_POP1CTZ(1.0),A,TOTAL,TOTAL,NR,M,FR,2007,30803231,,
dataflow,ESTAT:MIGR_POP1CTZ(1.0),A,TOTAL,TOTAL,NR,M,FR,2008,30980230,,
dataflow,ESTAT:MIGR_POP1CTZ(1.0),A,TOTAL,TOTAL,NR,M,FR,2009,31147979,,
dataflow,ESTAT:MIGR_POP1CTZ(1.0),A,TOTAL,TOTAL,NR,M,FR,2010,31301764,,
dataflow,ESTAT:MIGR_POP1CTZ(1.0),A,TOTAL,TOTAL,NR,M,FR,2011,31462902,,
dataflow,ESTAT:MIGR_POP1CTZ(1.0),A,TOTAL,TOTAL,NR,M,FR,2012,31605383,b,
dataflow,ESTAT:MIGR_POP1CTZ(1.0),A,TOTAL,TOTAL,NR,M,FR,2013,31772665,,
dataflow,ESTAT:MIGR_POP1CTZ(1.0),A,TOTAL,TOTAL,NR,M,FR,2014,32045129,b,
dataflow,ESTAT:MIGR_POP1CTZ(1.0),A,TOTAL,TOTAL,NR,M,FR,2015,32174258,,
dataflow,ESTAT:MIGR_POP1CTZ(1.0),A,TOTAL,TOTAL,NR,M,FR,2016,32247386,,
dataflow,ESTAT:MIGR_POP1CTZ(1.0),A,TOTAL,TOTAL,NR,M,FR,2017,32314352,,
dataflow,ESTAT:MIGR_POP1CTZ(1.0),A,TOTAL,TOTAL,NR,M,FR,2018,32414230,,
dataflow,ESTAT:MIGR_POP1CTZ(1.0),A,TOTAL,TOTAL,NR,M,FR,2019,32551339,,
dataflow,ESTAT:MIGR_POP1CTZ(1.0),A,TOTAL,TOTAL,NR,M,FR,2020,32644981,,
dataflow,ESTAT:MIGR_POP1CTZ(1.0),A,TOTAL,TOTAL,NR,M,FR,2021,32782095,,
dataflow,ESTAT:MIGR_POP1CTZ(1.0),A,TOTAL,TOTAL,NR,M,FR,2022,32982626,,
dataflow,ESTAT:MIGR_POP1CTZ(1.0),A,TOTAL,TOTAL,NR,M,FR,2023,33088401,p,
dataflow,ESTAT:MIGR_POP1CTZ(1.0),A,TOTAL,TOTAL,NR,M,FR,2024,33196079,p,
dataflow,ESTAT:MIGR_POP1CTZ(1.0),A,TOTAL,TOTAL,NR,M,HR,2013,2047498,,
dataflow,ESTAT:MIGR_POP1CTZ(1.0),A,TOTAL,TOTAL,NR,M,HR,2014,2030986,,
dataflow,ESTAT:MIGR_POP1CTZ(1.0),A,TOTAL,TOTAL,NR,M,HR,2015,2010756,,
dataflow,ESTAT:MIGR_POP1CTZ(1.0),A,TOTAL,TOTAL,NR,M,HR,2016,1984691,,
dataflow,ESTAT:MIGR_POP1CTZ(1.0),A,TOTAL,TOTAL,NR,M,HR,2017,1956684,,
dataflow,ESTAT:MIGR_POP1CTZ(1.0),A,TOTAL,TOTAL,NR,M,HR,2018,1923380,,
dataflow,ESTAT:MIGR_POP1CTZ(1.0),A,TOTAL,TOTAL,NR,M,HR,2019,1903803,,
dataflow,ESTAT:MIGR_POP1CTZ(1.0),A,TOTAL,TOTAL,NR,M,HR,2020,1891983,,
dataflow,ESTAT:MIGR_POP1CTZ(1.0),A,TOTAL,TOTAL,NR,M,HR,2021,1874023,,
dataflow,ESTAT:MIGR_POP1CTZ(1.0),A,TOTAL,TOTAL,NR,M,HR,2022,1862293,b,
dataflow,ESTAT:MIGR_POP1CTZ(1.0),A,TOTAL,TOTAL,NR,M,HR,2023,1861866,,
dataflow,ESTAT:MIGR_POP1CTZ(1.0),A,TOTAL,TOTAL,NR,M,HR,2024,1875410,,
dataflow,ESTAT:MIGR_POP1CTZ(1.0),A,TOTAL,TOTAL,NR,M,HU,1998,4921201,,
dataflow,ESTAT:MIGR_POP1CTZ(1.0),A,TOTAL,TOTAL,NR,M,HU,1999,4895393,,
dataflow,ESTAT:MIGR_POP1CTZ(1.0),A,TOTAL,TOTAL,NR,M,HU,2000,4791817,,
dataflow,ESTAT:MIGR_POP1CTZ(1.0),A,TOTAL,TOTAL,NR,M,HU,2001,4851012,,
dataflow,ESTAT:MIGR_POP1CTZ(1.0),A,TOTAL,TOTAL,NR,M,HU,2002,4836980,p,
dataflow,ESTAT:MIGR_POP1CTZ(1.0),A,TOTAL,TOTAL,NR,M,HU,2003,4818456,,
dataflow,ESTAT:MIGR_POP1CTZ(1.0),A,TOTAL,TOTAL,NR,M,HU,2004,4804113,,
dataflow,ESTAT:MIGR_POP1CTZ(1.0),A,TOTAL,TOTAL,NR,M,HU,2005,4793115,,
dataflow,ESTAT:MIGR_POP1CTZ(1.0),A,TOTAL,TOTAL,NR,M,HU,2006,4784579,,
dataflow,ESTAT:MIGR_POP1CTZ(1.0),A,TOTAL,TOTAL,NR,M,HU,2007,4779078,,
dataflow,ESTAT:MIGR_POP1CTZ(1.0),A,TOTAL,TOTAL,NR,M,HU,2008,4769562,,
dataflow,ESTAT:MIGR_POP1CTZ(1.0),A,TOTAL,TOTAL,NR,M,HU,2009,4763050,,
dataflow,ESTAT:MIGR_POP1CTZ(1.0),A,TOTAL,TOTAL,NR,M,HU,2010,4756900,,
dataflow,ESTAT:MIGR_POP1CTZ(1.0),A,TOTAL,TOTAL,NR,M,HU,2011,4743901,,
dataflow,ESTAT:MIGR_POP1CTZ(1.0),A,TOTAL,TOTAL,NR,M,HU,2012,4724666,,
dataflow,ESTAT:MIGR_POP1CTZ(1.0),A,TOTAL,TOTAL,NR,M,HU,2013,4713025,,
dataflow,ESTAT:MIGR_POP1CTZ(1.0),A,TOTAL,TOTAL,NR,M,HU,2014,4697447,,
dataflow,ESTAT:MIGR_POP1CTZ(1.0),A,TOTAL,TOTAL,NR,M,HU,2015,4687436,,
dataflow,ESTAT:MIGR_POP1CTZ(1.0),A,TOTAL,TOTAL,NR,M,HU,2016,4678478,,
dataflow,ESTAT:MIGR_POP1CTZ(1.0),A,TOTAL,TOTAL,NR,M,HU,2017,4663753,,
dataflow,ESTAT:MIGR_POP1CTZ(1.0),A,TOTAL,TOTAL,NR,M,HU,2018,4658683,,
dataflow,ESTAT:MIGR_POP1CTZ(1.0),A,TOTAL,TOTAL,NR,M,HU,2019,4660856,,
dataflow,ESTAT:MIGR_POP1CTZ(1.0),A,TOTAL,TOTAL,NR,M,HU,2020,4663876,,
dataflow,ESTAT:MIGR_POP1CTZ(1.0),A,TOTAL,TOTAL,NR,M,HU,2021,4647359,,
dataflow,ESTAT:MIGR_POP1CTZ(1.0),A,TOTAL,TOTAL,NR,M,HU,2022,4628875,,
dataflow,ESTAT:MIGR_POP1CTZ(1.0),A,TOTAL,TOTAL,NR,M,HU,2023,4625260,,
dataflow,ESTAT:MIGR_POP1CTZ(1.0),A,TOTAL,TOTAL,NR,M,HU,2024,4623378,,
dataflow,ESTAT:MIGR_POP1CTZ(1.0),A,TOTAL,TOTAL,NR,M,IE,1998,1833991,,
dataflow,ESTAT:MIGR_POP1CTZ(1.0),A,TOTAL,TOTAL,NR,M,IE,1999,1853675,,
dataflow,ESTAT:MIGR_POP1CTZ(1.0),A,TOTAL,TOTAL,NR,M,IE,2000,1876864,,
dataflow,ESTAT:MIGR_POP1CTZ(1.0),A,TOTAL,TOTAL,NR,M,IE,2001,1905582,,
dataflow,ESTAT:MIGR_POP1CTZ(1.0),A,TOTAL,TOTAL,NR,M,IE,2002,1937905,,
dataflow,ESTAT:MIGR_POP1CTZ(1.0),A,TOTAL,TOTAL,NR,M,IE,2003,1969227,,
dataflow,ESTAT:MIGR_POP1CTZ(1.0),A,TOTAL,TOTAL,NR,M,IE,2004,2003162,,
dataflow,ESTAT:MIGR_POP1CTZ(1.0),A,TOTAL,TOTAL,NR,M,IE,2005,2049350,,
dataflow,ESTAT:MIGR_POP1CTZ(1.0),A,TOTAL,TOTAL,NR,M,IE,2006,2103449,,
dataflow,ESTAT:MIGR_POP1CTZ(1.0),A,TOTAL,TOTAL,NR,M,IE,2007,2172790,b,
dataflow,ESTAT:MIGR_POP1CTZ(1.0),A,TOTAL,TOTAL,NR,M,IE,2008,2226754,,
dataflow,ESTAT:MIGR_POP1CTZ(1.0),A,TOTAL,TOTAL,NR,M,IE,2009,2252658,,
dataflow,ESTAT:MIGR_POP1CTZ(1.0),A,TOTAL,TOTAL,NR,M,IE,2010,2260974,,
dataflow,ESTAT:MIGR_POP1CTZ(1.0),A,TOTAL,TOTAL,NR,M,IE,2011,2269426,,
dataflow,ESTAT:MIGR_POP1CTZ(1.0),A,TOTAL,TOTAL,NR,M,IE,2012,2273999,b,
dataflow,ESTAT:MIGR_POP1CTZ(1.0),A,TOTAL,TOTAL,NR,M,IE,2013,2283462,,
dataflow,ESTAT:MIGR_POP1CTZ(1.0),A,TOTAL,TOTAL,NR,M,IE,2014,2295850,,
dataflow,ESTAT:MIGR_POP1CTZ(1.0),A,TOTAL,TOTAL,NR,M,IE,2015,2313342,,
dataflow,ESTAT:MIGR_POP1CTZ(1.0),A,TOTAL,TOTAL,NR,M,IE,2016,2339141,,
dataflow,ESTAT:MIGR_POP1CTZ(1.0),A,TOTAL,TOTAL,NR,M,IE,2017,2374956,,
dataflow,ESTAT:MIGR_POP1CTZ(1.0),A,TOTAL,TOTAL,NR,M,IE,2018,2404390,,
dataflow,ESTAT:MIGR_POP1CTZ(1.0),A,TOTAL,TOTAL,NR,M,IE,2019,2446814,,
dataflow,ESTAT:MIGR_POP1CTZ(1.0),A,TOTAL,TOTAL,NR,M,IE,2020,2481712,,
dataflow,ESTAT:MIGR_POP1CTZ(1.0),A,TOTAL,TOTAL,NR,M,IE,2021,2509184,,
dataflow,ESTAT:MIGR_POP1CTZ(1.0),A,TOTAL,TOTAL,NR,M,IE,2022,2550232,,
dataflow,ESTAT:MIGR_POP1CTZ(1.0),A,TOTAL,TOTAL,NR,M,IE,2023,2604547,,
dataflow,ESTAT:MIGR_POP1CTZ(1.0),A,TOTAL,TOTAL,NR,M,IE,2024,2643375,,
dataflow,ESTAT:MIGR_POP1CTZ(1.0),A,TOTAL,TOTAL,NR,M,IT,1998,27571578,,
dataflow,ESTAT:MIGR_POP1CTZ(1.0),A,TOTAL,TOTAL,NR,M,IT,1999,27563748,,
dataflow,ESTAT:MIGR_POP1CTZ(1.0),A,TOTAL,TOTAL,NR,M,IT,2000,27562988,,
dataflow,ESTAT:MIGR_POP1CTZ(1.0),A,TOTAL,TOTAL,NR,M,IT,2001,27576326,,
dataflow,ESTAT:MIGR_POP1CTZ(1.0),A,TOTAL,TOTAL,NR,M,IT,2002,27588289,,
dataflow,ESTAT:MIGR_POP1CTZ(1.0),A,TOTAL,TOTAL,NR,M,IT,2003,27687048,,
dataflow,ESTAT:MIGR_POP1CTZ(1.0),A,TOTAL,TOTAL,NR,M,IT,2004,27903719,,
dataflow,ESTAT:MIGR_POP1CTZ(1.0),A,TOTAL,TOTAL,NR,M,IT,2005,28128308,,
dataflow,ESTAT:MIGR_POP1CTZ(1.0),A,TOTAL,TOTAL,NR,M,IT,2006,28250293,,
dataflow,ESTAT:MIGR_POP1CTZ(1.0),A,TOTAL,TOTAL,NR,M,IT,2007,28354758,,
dataflow,ESTAT:MIGR_POP1CTZ(1.0),A,TOTAL,TOTAL,NR,M,IT,2008,28584441,,
dataflow,ESTAT:MIGR_POP1CTZ(1.0),A,TOTAL,TOTAL,NR,M,IT,2009,28781255,,
dataflow,ESTAT:MIGR_POP1CTZ(1.0),A,TOTAL,TOTAL,NR,M,IT,2010,28903027,,
dataflow,ESTAT:MIGR_POP1CTZ(1.0),A,TOTAL,TOTAL,NR,M,IT,2011,29014829,,
dataflow,ESTAT:MIGR_POP1CTZ(1.0),A,TOTAL,TOTAL,NR,M,IT,2012,29090347,,
dataflow,ESTAT:MIGR_POP1CTZ(1.0),A,TOTAL,TOTAL,NR,M,IT,2013,29193899,,
dataflow,ESTAT:MIGR_POP1CTZ(1.0),A,TOTAL,TOTAL,NR,M,IT,2014,29241521,,
dataflow,ESTAT:MIGR_POP1CTZ(1.0),A,TOTAL,TOTAL,NR,M,IT,2015,29228315,,
dataflow,ESTAT:MIGR_POP1CTZ(1.0),A,TOTAL,TOTAL,NR,M,IT,2016,29193044,,
dataflow,ESTAT:MIGR_POP1CTZ(1.0),A,TOTAL,TOTAL,NR,M,IT,2017,29178654,,
dataflow,ESTAT:MIGR_POP1CTZ(1.0),A,TOTAL,TOTAL,NR,M,IT,2018,29156469,,
dataflow,ESTAT:MIGR_POP1CTZ(1.0),A,TOTAL,TOTAL,NR,M,IT,2019,29131195,b,
dataflow,ESTAT:MIGR_POP1CTZ(1.0),A,TOTAL,TOTAL,NR,M,IT,2020,29050096,,
dataflow,ESTAT:MIGR_POP1CTZ(1.0),A,TOTAL,TOTAL,NR,M,IT,2021,28866226,,
dataflow,ESTAT:MIGR_POP1CTZ(1.0),A,TOTAL,TOTAL,NR,M,IT,2022,28818956,,
dataflow,ESTAT:MIGR_POP1CTZ(1.0),A,TOTAL,TOTAL,NR,M,IT,2023,28814832,,
dataflow,ESTAT:MIGR_POP1CTZ(1.0),A,TOTAL,TOTAL,NR,M,IT,2024,28846728,,
dataflow,ESTAT:MIGR_POP1CTZ(1.0),A,TOTAL,TOTAL,NR,M,LT,1999,1657561,,
dataflow,ESTAT:MIGR_POP1CTZ(1.0),A,TOTAL,TOTAL,NR,M,LT,2000,1644301,,
dataflow,ESTAT:MIGR_POP1CTZ(1.0),A,TOTAL,TOTAL,NR,M,LT,2001,1629148,,
dataflow,ESTAT:MIGR_POP1CTZ(1.0),A,TOTAL,TOTAL,NR,M,LT,2002,1613554,,
dataflow,ESTAT:MIGR_POP1CTZ(1.0),A,TOTAL,TOTAL,NR,M,LT,2003,1601098,,
dataflow,ESTAT:MIGR_POP1CTZ(1.0),A,TOTAL,TOTAL,NR,M,LT,2004,1584018,,
dataflow,ESTAT:MIGR_POP1CTZ(1.0),A,TOTAL,TOTAL,NR,M,LT,2005,1562264,,
dataflow,ESTAT:MIGR_POP1CTZ(1.0),A,TOTAL,TOTAL,NR,M,LT,2006,1528463,,
dataflow,ESTAT:MIGR_POP1CTZ(1.0),A,TOTAL,TOTAL,NR,M,LT,2007,1506794,,
dataflow,ESTAT:MIGR_POP1CTZ(1.0),A,TOTAL,TOTAL,NR,M,LT,2008,1487419,,
dataflow,ESTAT:MIGR_POP1CTZ(1.0),A,TOTAL,TOTAL,NR,M,LT,2009,1473352,,
dataflow,ESTAT:MIGR_POP1CTZ(1.0),A,TOTAL,TOTAL,NR,M,LT,2010,1450199,,
dataflow,ESTAT:MIGR_POP1CTZ(1.0),A,TOTAL,TOTAL,NR,M,LT,2011,1407223,,
dataflow,ESTAT:MIGR_POP1CTZ(1.0),A,TOTAL,TOTAL,NR,M,LT,2012,1383511,,
dataflow,ESTAT:MIGR_POP1CTZ(1.0),A,TOTAL,TOTAL,NR,M,LT,2013,1369412,,
dataflow,ESTAT:MIGR_POP1CTZ(1.0),A,TOTAL,TOTAL,NR,M,LT,2014,1356415,,
dataflow,ESTAT:MIGR_POP1CTZ(1.0),A,TOTAL,TOTAL,NR,M,LT,2015,1346390,,
dataflow,ESTAT:MIGR_POP1CTZ(1.0),A,TOTAL,TOTAL,NR,M,LT,2016,1331734,,
dataflow,ESTAT:MIGR_POP1CTZ(1.0),A,TOTAL,TOTAL,NR,M,LT,2017,1314678,,
dataflow,ESTAT:MIGR_POP1CTZ(1.0),A,TOTAL,TOTAL,NR,M,LT,2018,1300044,,
dataflow,ESTAT:MIGR_POP1CTZ(1.0),A,TOTAL,TOTAL,NR,M,LT,2019,1295184,,
dataflow,ESTAT:MIGR_POP1CTZ(1.0),A,TOTAL,TOTAL,NR,M,LT,2020,1299477,,
dataflow,ESTAT:MIGR_POP1CTZ(1.0),A,TOTAL,TOTAL,NR,M,LT,2021,1304965,,
dataflow,ESTAT:MIGR_POP1CTZ(1.0),A,TOTAL,TOTAL,NR,M,LT,2022,1306599,,
dataflow,ESTAT:MIGR_POP1CTZ(1.0),A,TOTAL,TOTAL,NR,M,LT,2023,1335816,,
dataflow,ESTAT:MIGR_POP1CTZ(1.0),A,TOTAL,TOTAL,NR,M,LT,2024,1365905,,
dataflow,ESTAT:MIGR_POP1CTZ(1.0),A,TOTAL,TOTAL,NR,M,LU,1999,210341,,
dataflow,ESTAT:MIGR_POP1CTZ(1.0),A,TOTAL,TOTAL,NR,M,LU,2000,213615,,
dataflow,ESTAT:MIGR_POP1CTZ(1.0),A,TOTAL,TOTAL,NR,M,LU,2001,216541,,
dataflow,ESTAT:MIGR_POP1CTZ(1.0),A,TOTAL,TOTAL,NR,M,LU,2002,218800,,
dataflow,ESTAT:MIGR_POP1CTZ(1.0),A,TOTAL,TOTAL,NR,M,LU,2003,221009,,
dataflow,ESTAT:MIGR_POP1CTZ(1.0),A,TOTAL,TOTAL,NR,M,LU,2004,224700,,
dataflow,ESTAT:MIGR_POP1CTZ(1.0),A,TOTAL,TOTAL,NR,M,LU,2005,228100,,
dataflow,ESTAT:MIGR_POP1CTZ(1.0),A,TOTAL,TOTAL,NR,M,LU,2006,232100,e,
dataflow,ESTAT:MIGR_POP1CTZ(1.0),A,TOTAL,TOTAL,NR,M,LU,2007,235792,e,
dataflow,ESTAT:MIGR_POP1CTZ(1.0),A,TOTAL,TOTAL,NR,M,LU,2008,239607,e,
dataflow,ESTAT:MIGR_POP1CTZ(1.0),A,TOTAL,TOTAL,NR,M,LU,2009,244835,,
dataflow,ESTAT:MIGR_POP1CTZ(1.0),A,TOTAL,TOTAL,NR,M,LU,2010,249406,,
dataflow,ESTAT:MIGR_POP1CTZ(1.0),A,TOTAL,TOTAL,NR,M,LU,2011,254619,,
dataflow,ESTAT:MIGR_POP1CTZ(1.0),A,TOTAL,TOTAL,NR,M,LU,2012,261820,,
dataflow,ESTAT:MIGR_POP1CTZ(1.0),A,TOTAL,TOTAL,NR,M,LU,2013,268412,,
dataflow,ESTAT:MIGR_POP1CTZ(1.0),A,TOTAL,TOTAL,NR,M,LU,2014,275117,,
dataflow,ESTAT:MIGR_POP1CTZ(1.0),A,TOTAL,TOTAL,NR,M,LU,2015,281972,,
dataflow,ESTAT:MIGR_POP1CTZ(1.0),A,TOTAL,TOTAL,NR,M,LU,2016,289193,,
dataflow,ESTAT:MIGR_POP1CTZ(1.0),A,TOTAL,TOTAL,NR,M,LU,2017,296641,b,
dataflow,ESTAT:MIGR_POP1CTZ(1.0),A,TOTAL,TOTAL,NR,M,LU,2018,302580,,
dataflow,ESTAT:MIGR_POP1CTZ(1.0),A,TOTAL,TOTAL,NR,M,LU,2019,308720,,
dataflow,ESTAT:MIGR_POP1CTZ(1.0),A,TOTAL,TOTAL,NR,M,LU,2020,314964,,
dataflow,ESTAT:MIGR_POP1CTZ(1.0),A,TOTAL,TOTAL,NR,M,LU,2021,319456,,
dataflow,ESTAT:MIGR_POP1CTZ(1.0),A,TOTAL,TOTAL,NR,M,LU,2022,325064,,
dataflow,ESTAT:MIGR_POP1CTZ(1.0),A,TOTAL,TOTAL,NR,M,LU,2023,332444,,
dataflow,ESTAT:MIGR_POP1CTZ(1.0),A,TOTAL,TOTAL,NR,M,LU,2024,338274,,
dataflow,ESTAT:MIGR_POP1CTZ(1.0),A,TOTAL,TOTAL,NR,M,LV,2002,1080116,,
dataflow,ESTAT:MIGR_POP1CTZ(1.0),A,TOTAL,TOTAL,NR,M,LV,2003,1073057,,
dataflow,ESTAT:MIGR_POP1CTZ(1.0),A,TOTAL,TOTAL,NR,M,LV,2004,1068336,,
dataflow,ESTAT:MIGR_POP1CTZ(1.0),A,TOTAL,TOTAL,NR,M,LV,2005,1062918,,
dataflow,ESTAT:MIGR_POP1CTZ(1.0),A,TOTAL,TOTAL,NR,M,LV,2006,1057284,,
dataflow,ESTAT:MIGR_POP1CTZ(1.0),A,TOTAL,TOTAL,NR,M,LV,2007,1051034,,
dataflow,ESTAT:MIGR_POP1CTZ(1.0),A,TOTAL,TOTAL,NR,M,LV,2008,1007041,,
dataflow,ESTAT:MIGR_POP1CTZ(1.0),A,TOTAL,TOTAL,NR,M,LV,2009,992648,,
dataflow,ESTAT:MIGR_POP1CTZ(1.0),A,TOTAL,TOTAL,NR,M,LV,2010,970931,,
dataflow,ESTAT:MIGR_POP1CTZ(1.0),A,TOTAL,TOTAL,NR,M,LV,2011,947939,,
dataflow,ESTAT:MIGR_POP1CTZ(1.0),A,TOTAL,TOTAL,NR,M,LV,2012,934812,,
dataflow,ESTAT:MIGR_POP1CTZ(1.0),A,TOTAL,TOTAL,NR,M,LV,2013,926580,,
dataflow,ESTAT:MIGR_POP1CTZ(1.0),A,TOTAL,TOTAL,NR,M,LV,2014,917045,,
dataflow,ESTAT:MIGR_POP1CTZ(1.0),A,TOTAL,TOTAL,NR,M,LV,2015,911207,,
dataflow,ESTAT:MIGR_POP1CTZ(1.0),A,TOTAL,TOTAL,NR,M,LV,2016,904299,,
dataflow,ESTAT:MIGR_POP1CTZ(1.0),A,TOTAL,TOTAL,NR,M,LV,2017,895683,,
dataflow,ESTAT:MIGR_POP1CTZ(1.0),A,TOTAL,TOTAL,NR,M,LV,2018,889641,,
dataflow,ESTAT:MIGR_POP1CTZ(1.0),A,TOTAL,TOTAL,NR,M,LV,2019,884909,,
dataflow,ESTAT:MIGR_POP1CTZ(1.0),A,TOTAL,TOTAL,NR,M,LV,2020,880956,,
dataflow,ESTAT:MIGR_POP1CTZ(1.0),A,TOTAL,TOTAL,NR,M,LV,2021,875225,,
dataflow,ESTAT:MIGR_POP1CTZ(1.0),A,TOTAL,TOTAL,NR,M,LV,2022,869057,,
dataflow,ESTAT:MIGR_POP1CTZ(1.0),A,TOTAL,TOTAL,NR,M,LV,2023,872321,,
dataflow,ESTAT:MIGR_POP1CTZ(1.0),A,TOTAL,TOTAL,NR,M,LV,2024,868740,,
dataflow,ESTAT:MIGR_POP1CTZ(1.0),A,TOTAL,TOTAL,NR,M,MT,1998,189968,,
dataflow,ESTAT:MIGR_POP1CTZ(1.0),A,TOTAL,TOTAL,NR,M,MT,1999,191120,,
dataflow,ESTAT:MIGR_POP1CTZ(1.0),A,TOTAL,TOTAL,NR,M,MT,2000,192428,,
dataflow,ESTAT:MIGR_POP1CTZ(1.0),A,TOTAL,TOTAL,NR,M,MT,2001,193689,b,
dataflow,ESTAT:MIGR_POP1CTZ(1.0),A,TOTAL,TOTAL,NR,M,MT,2006,200838,,
dataflow,ESTAT:MIGR_POP1CTZ(1.0),A,TOTAL,TOTAL,NR,M,MT,2007,201519,,
dataflow,ESTAT:MIGR_POP1CTZ(1.0),A,TOTAL,TOTAL,NR,M,MT,2008,202734,e,
dataflow,ESTAT:MIGR_POP1CTZ(1.0),A,TOTAL,TOTAL,NR,M,MT,2009,204607,b,
dataflow,ESTAT:MIGR_POP1CTZ(1.0),A,TOTAL,TOTAL,NR,M,MT,2010,206203,,
dataflow,ESTAT:MIGR_POP1CTZ(1.0),A,TOTAL,TOTAL,NR,M,MT,2011,206405,,
dataflow,ESTAT:MIGR_POP1CTZ(1.0),A,TOTAL,TOTAL,NR,M,MT,2012,207695,,
dataflow,ESTAT:MIGR_POP1CTZ(1.0),A,TOTAL,TOTAL,NR,M,MT,2013,210024,,
dataflow,ESTAT:MIGR_POP1CTZ(1.0),A,TOTAL,TOTAL,NR,M,MT,2014,214221,,
dataflow,ESTAT:MIGR_POP1CTZ(1.0),A,TOTAL,TOTAL,NR,M,MT,2015,220495,,
dataflow,ESTAT:MIGR_POP1CTZ(1.0),A,TOTAL,TOTAL,NR,M,MT,2016,226508,,
dataflow,ESTAT:MIGR_POP1CTZ(1.0),A,TOTAL,TOTAL,NR,M,MT,2017,231743,,
dataflow,ESTAT:MIGR_POP1CTZ(1.0),A,TOTAL,TOTAL,NR,M,MT,2018,240738,,
dataflow,ESTAT:MIGR_POP1CTZ(1.0),A,TOTAL,TOTAL,NR,M,MT,2019,252181,,
dataflow,ESTAT:MIGR_POP1CTZ(1.0),A,TOTAL,TOTAL,NR,M,MT,2020,266559,,
dataflow,ESTAT:MIGR_POP1CTZ(1.0),A,TOTAL,TOTAL,NR,M,MT,2021,267614,,
dataflow,ESTAT:MIGR_POP1CTZ(1.0),A,TOTAL,TOTAL,NR,M,MT,2022,270469,,
dataflow,ESTAT:MIGR_POP1CTZ(1.0),A,TOTAL,TOTAL,NR,M,MT,2023,284821,,
dataflow,ESTAT:MIGR_POP1CTZ(1.0),A,TOTAL,TOTAL,NR,M,MT,2024,298746,,
dataflow,ESTAT:MIGR_POP1CTZ(1.0),A,TOTAL,TOTAL,NR,M,NL,1998,7740115,,
dataflow,ESTAT:MIGR_POP1CTZ(1.0),A,TOTAL,TOTAL,NR,M,NL,1999,7793271,,
dataflow,ESTAT:MIGR_POP1CTZ(1.0),A,TOTAL,TOTAL,NR,M,NL,2000,7846317,,
dataflow,ESTAT:MIGR_POP1CTZ(1.0),A,TOTAL,TOTAL,NR,M,NL,2001,7909855,,
dataflow,ESTAT:MIGR_POP1CTZ(1.0),A,TOTAL,TOTAL,NR,M,NL,2002,7971967,,
dataflow,ESTAT:MIGR_POP1CTZ(1.0),A,TOTAL,TOTAL,NR,M,NL,2003,8015471,,
dataflow,ESTAT:MIGR_POP1CTZ(1.0),A,TOTAL,TOTAL,NR,M,NL,2004,8045914,,
dataflow,ESTAT:MIGR_POP1CTZ(1.0),A,TOTAL,TOTAL,NR,M,NL,2005,8065979,,
dataflow,ESTAT:MIGR_POP1CTZ(1.0),A,TOTAL,TOTAL,NR,M,NL,2006,8077407,,
dataflow,ESTAT:MIGR_POP1CTZ(1.0),A,TOTAL,TOTAL,NR,M,NL,2007,8088514,,
dataflow,ESTAT:MIGR_POP1CTZ(1.0),A,TOTAL,TOTAL,NR,M,NL,2008,8112073,,
dataflow,ESTAT:MIGR_POP1CTZ(1.0),A,TOTAL,TOTAL,NR,M,NL,2009,8156396,,
dataflow,ESTAT:MIGR_POP1CTZ(1.0),A,TOTAL,TOTAL,NR,M,NL,2010,8203476,,
dataflow,ESTAT:MIGR_POP1CTZ(1.0),A,TOTAL,TOTAL,NR,M,NL,2011,8243482,,
dataflow,ESTAT:MIGR_POP1CTZ(1.0),A,TOTAL,TOTAL,NR,M,NL,2012,8282871,,
dataflow,ESTAT:MIGR_POP1CTZ(1.0),A,TOTAL,TOTAL,NR,M,NL,2013,8307339,,
dataflow,ESTAT:MIGR_POP1CTZ(1.0),A,TOTAL,TOTAL,NR,M,NL,2014,8334385,,
dataflow,ESTAT:MIGR_POP1CTZ(1.0),A,TOTAL,TOTAL,NR,M,NL,2015,8372858,,
dataflow,ESTAT:MIGR_POP1CTZ(1.0),A,TOTAL,TOTAL,NR,M,NL,2016,8417135,,
dataflow,ESTAT:MIGR_POP1CTZ(1.0),A,TOTAL,TOTAL,NR,M,NL,2017,8475102,,
dataflow,ESTAT:MIGR_POP1CTZ(1.0),A,TOTAL,TOTAL,NR,M,NL,2018,8527041,,
dataflow,ESTAT:MIGR_POP1CTZ(1.0),A,TOTAL,TOTAL,NR,M,NL,2019,8581086,,
dataflow,ESTAT:MIGR_POP1CTZ(1.0),A,TOTAL,TOTAL,NR,M,NL,2020,8648031,,
dataflow,ESTAT:MIGR_POP1CTZ(1.0),A,TOTAL,TOTAL,NR,M,NL,2021,8686536,,
dataflow,ESTAT:MIGR_POP1CTZ(1.0),A,TOTAL,TOTAL,NR,M,NL,2022,8745468,,
dataflow,ESTAT:MIGR_POP1CTZ(1.0),A,TOTAL,TOTAL,NR,M,NL,2023,8850309,,
dataflow,ESTAT:MIGR_POP1CTZ(1.0),A,TOTAL,TOTAL,NR,M,NL,2024,8920768,,
dataflow,ESTAT:MIGR_POP1CTZ(1.0),A,TOTAL,TOTAL,NR,M,PL,1999,18579000,,
dataflow,ESTAT:MIGR_POP1CTZ(1.0),A,TOTAL,TOTAL,NR,M,PL,2000,18547799,,
dataflow,ESTAT:MIGR_POP1CTZ(1.0),A,TOTAL,TOTAL,NR,M,PL,2001,18537339,e,
dataflow,ESTAT:MIGR_POP1CTZ(1.0),A,TOTAL,TOTAL,NR,M,PL,2002,18516403,,
dataflow,ESTAT:MIGR_POP1CTZ(1.0),A,TOTAL,TOTAL,NR,M,PL,2003,18506749,e,
dataflow,ESTAT:MIGR_POP1CTZ(1.0),A,TOTAL,TOTAL,NR,M,PL,2004,18486430,e,
dataflow,ESTAT:MIGR_POP1CTZ(1.0),A,TOTAL,TOTAL,NR,M,PL,2005,18470253,e,
dataflow,ESTAT:MIGR_POP1CTZ(1.0),A,TOTAL,TOTAL,NR,M,PL,2006,18453855,,
dataflow,ESTAT:MIGR_POP1CTZ(1.0),A,TOTAL,TOTAL,NR,M,PL,2007,18426775,,
dataflow,ESTAT:MIGR_POP1CTZ(1.0),A,TOTAL,TOTAL,NR,M,PL,2008,18411501,,
dataflow,ESTAT:MIGR_POP1CTZ(1.0),A,TOTAL,TOTAL,NR,M,PL,2010,18412237,,
dataflow,ESTAT:MIGR_POP1CTZ(1.0),A,TOTAL,TOTAL,NR,M,PL,2011,18429700,p,
dataflow,ESTAT:MIGR_POP1CTZ(1.0),A,TOTAL,TOTAL,NR,M,PL,2012,18427296,p,
dataflow,ESTAT:MIGR_POP1CTZ(1.0),A,TOTAL,TOTAL,NR,M,PL,2013,18426093,,
dataflow,ESTAT:MIGR_POP1CTZ(1.0),A,TOTAL,TOTAL,NR,M,PL,2014,18403964,p,
dataflow,ESTAT:MIGR_POP1CTZ(1.0),A,TOTAL,TOTAL,NR,M,PL,2015,18397163,p,
dataflow,ESTAT:MIGR_POP1CTZ(1.0),A,TOTAL,TOTAL,NR,M,PL,2016,18377040,ep,
dataflow,ESTAT:MIGR_POP1CTZ(1.0),A,TOTAL,TOTAL,NR,M,PL,2017,18377837,ep,
dataflow,ESTAT:MIGR_POP1CTZ(1.0),A,TOTAL,TOTAL,NR,M,PL,2018,18380299,ep,
dataflow,ESTAT:MIGR_POP1CTZ(1.0),A,TOTAL,TOTAL,NR,M,PL,2019,18380376,,
dataflow,ESTAT:MIGR_POP1CTZ(1.0),A,TOTAL,TOTAL,NR,M,PL,2020,18373381,ep,
dataflow,ESTAT:MIGR_POP1CTZ(1.0),A,TOTAL,TOTAL,NR,M,PL,2021,17942141,bep,
dataflow,ESTAT:MIGR_POP1CTZ(1.0),A,TOTAL,TOTAL,NR,M,PL,2022,17846003,ep,
dataflow,ESTAT:MIGR_POP1CTZ(1.0),A,TOTAL,TOTAL,NR,M,PL,2023,17773379,ep,
dataflow,ESTAT:MIGR_POP1CTZ(1.0),A,TOTAL,TOTAL,NR,M,PL,2024,17705971,ep,
dataflow,ESTAT:MIGR_POP1CTZ(1.0),A,TOTAL,TOTAL,NR,M,PT,1998,4894490,,
dataflow,ESTAT:MIGR_POP1CTZ(1.0),A,TOTAL,TOTAL,NR,M,PT,1999,4919447,,
dataflow,ESTAT:MIGR_POP1CTZ(1.0),A,TOTAL,TOTAL,NR,M,PT,2000,4953349,,
dataflow,ESTAT:MIGR_POP1CTZ(1.0),A,TOTAL,TOTAL,NR,M,PT,2002,4991590,,
dataflow,ESTAT:MIGR_POP1CTZ(1.0),A,TOTAL,TOTAL,NR,M,PT,2009,5066239,,
dataflow,ESTAT:MIGR_POP1CTZ(1.0),A,TOTAL,TOTAL,NR,M,PT,2010,5063745,,
dataflow,ESTAT:MIGR_POP1CTZ(1.0),A,TOTAL,TOTAL,NR,M,PT,2011,5053543,,
dataflow,ESTAT:MIGR_POP1CTZ(1.0),A,TOTAL,TOTAL,NR,M,PT,2012,5038389,,
dataflow,ESTAT:MIGR_POP1CTZ(1.0),A,TOTAL,TOTAL,NR,M,PT,2013,5003294,,
dataflow,ESTAT:MIGR_POP1CTZ(1.0),A,TOTAL,TOTAL,NR,M,PT,2014,4965345,,
dataflow,ESTAT:MIGR_POP1CTZ(1.0),A,TOTAL,TOTAL,NR,M,PT,2015,4934668,,
dataflow,ESTAT:MIGR_POP1CTZ(1.0),A,TOTAL,TOTAL,NR,M,PT,2016,4919465,,
dataflow,ESTAT:MIGR_POP1CTZ(1.0),A,TOTAL,TOTAL,NR,M,PT,2017,4907936,,
dataflow,ESTAT:MIGR_POP1CTZ(1.0),A,TOTAL,TOTAL,NR,M,PT,2018,4902631,,
dataflow,ESTAT:MIGR_POP1CTZ(1.0),A,TOTAL,TOTAL,NR,M,PT,2019,4898614,,
dataflow,ESTAT:MIGR_POP1CTZ(1.0),A,TOTAL,TOTAL,NR,M,PT,2020,4926990,,
dataflow,ESTAT:MIGR_POP1CTZ(1.0),A,TOTAL,TOTAL,NR,M,PT,2021,4942871,,
dataflow,ESTAT:MIGR_POP1CTZ(1.0),A,TOTAL,TOTAL,NR,M,PT,2022,4967262,,
dataflow,ESTAT:MIGR_POP1CTZ(1.0),A,TOTAL,TOTAL,NR,M,PT,2023,5020648,,
dataflow,ESTAT:MIGR_POP1CTZ(1.0),A,TOTAL,TOTAL,NR,M,PT,2024,5083568,,
dataflow,ESTAT:MIGR_POP1CTZ(1.0),A,TOTAL,TOTAL,NR,M,RO,2012,9777107,p,
dataflow,ESTAT:MIGR_POP1CTZ(1.0),A,TOTAL,TOTAL,NR,M,RO,2013,9761480,,
dataflow,ESTAT:MIGR_POP1CTZ(1.0),A,TOTAL,TOTAL,NR,M,RO,2014,9746052,,
dataflow,ESTAT:MIGR_POP1CTZ(1.0),A,TOTAL,TOTAL,NR,M,RO,2015,9707074,,
dataflow,ESTAT:MIGR_POP1CTZ(1.0),A,TOTAL,TOTAL,NR,M,RO,2016,9649733,,
dataflow,ESTAT:MIGR_POP1CTZ(1.0),A,TOTAL,TOTAL,NR,M,RO,2017,9602080,,
dataflow,ESTAT:MIGR_POP1CTZ(1.0),A,TOTAL,TOTAL,NR,M,RO,2018,9554867,,
dataflow,ESTAT:MIGR_POP1CTZ(1.0),A,TOTAL,TOTAL,NR,M,RO,2019,9500450,,
dataflow,ESTAT:MIGR_POP1CTZ(1.0),A,TOTAL,TOTAL,NR,M,RO,2020,9460661,e,
dataflow,ESTAT:MIGR_POP1CTZ(1.0),A,TOTAL,TOTAL,NR,M,RO,2021,9387590,,
dataflow,ESTAT:MIGR_POP1CTZ(1.0),A,TOTAL,TOTAL,NR,M,RO,2023,9263961,e,
dataflow,ESTAT:MIGR_POP1CTZ(1.0),A,TOTAL,TOTAL,NR,M,RO,2024,9271370,e,
dataflow,ESTAT:MIGR_POP1CTZ(1.0),A,TOTAL,TOTAL,NR,M,SE,1998,4371913,,
dataflow,ESTAT:MIGR_POP1CTZ(1.0),A,TOTAL,TOTAL,NR,M,SE,1999,4375619,,
dataflow,ESTAT:MIGR_POP1CTZ(1.0),A,TOTAL,TOTAL,NR,M,SE,2000,4380118,,
dataflow,ESTAT:MIGR_POP1CTZ(1.0),A,TOTAL,TOTAL,NR,M,SE,2001,4392753,,
dataflow,ESTAT:MIGR_POP1CTZ(1.0),A,TOTAL,TOTAL,NR,M,SE,2002,4408445,,
dataflow,ESTAT:MIGR_POP1CTZ(1.0),A,TOTAL,TOTAL,NR,M,SE,2003,4427107,,
dataflow,ESTAT:MIGR_POP1CTZ(1.0),A,TOTAL,TOTAL,NR,M,SE,2004,4446656,,
dataflow,ESTAT:MIGR_POP1CTZ(1.0),A,TOTAL,TOTAL,NR,M,SE,2005,4466311,,
dataflow,ESTAT:MIGR_POP1CTZ(1.0),A,TOTAL,TOTAL,NR,M,SE,2006,4486550,,
dataflow,ESTAT:MIGR_POP1CTZ(1.0),A,TOTAL,TOTAL,NR,M,SE,2007,4523523,,
dataflow,ESTAT:MIGR_POP1CTZ(1.0),A,TOTAL,TOTAL,NR,M,SE,2008,4563921,,
dataflow,ESTAT:MIGR_POP1CTZ(1.0),A,TOTAL,TOTAL,NR,M,SE,2009,4603710,,
dataflow,ESTAT:MIGR_POP1CTZ(1.0),A,TOTAL,TOTAL,NR,M,SE,2010,4649014,,
dataflow,ESTAT:MIGR_POP1CTZ(1.0),A,TOTAL,TOTAL,NR,M,SE,2011,4690244,,
dataflow,ESTAT:MIGR_POP1CTZ(1.0),A,TOTAL,TOTAL,NR,M,SE,2012,4726834,,
dataflow,ESTAT:MIGR_POP1CTZ(1.0),A,TOTAL,TOTAL,NR,M,SE,2013,4765905,,
dataflow,ESTAT:MIGR_POP1CTZ(1.0),A,TOTAL,TOTAL,NR,M,SE,2014,4814357,,
dataflow,ESTAT:MIGR_POP1CTZ(1.0),A,TOTAL,TOTAL,NR,M,SE,2015,4872240,,
dataflow,ESTAT:MIGR_POP1CTZ(1.0),A,TOTAL,TOTAL,NR,M,SE,2016,4930966,,
dataflow,ESTAT:MIGR_POP1CTZ(1.0),A,TOTAL,TOTAL,NR,M,SE,2017,5013347,,
dataflow,ESTAT:MIGR_POP1CTZ(1.0),A,TOTAL,TOTAL,NR,M,SE,2018,5082662,,
dataflow,ESTAT:MIGR_POP1CTZ(1.0),A,TOTAL,TOTAL,NR,M,SE,2019,5142438,,
dataflow,ESTAT:MIGR_POP1CTZ(1.0),A,TOTAL,TOTAL,NR,M,SE,2020,5195814,,
dataflow,ESTAT:MIGR_POP1CTZ(1.0),A,TOTAL,TOTAL,NR,M,SE,2021,5222847,,
dataflow,ESTAT:MIGR_POP1CTZ(1.0),A,TOTAL,TOTAL,NR,M,SE,2022,5260707,,
dataflow,ESTAT:MIGR_POP1CTZ(1.0),A,TOTAL,TOTAL,NR,M,SE,2023,5298324,,
dataflow,ESTAT:MIGR_POP1CTZ(1.0),A,TOTAL,TOTAL,NR,M,SE,2024,5312519,,
dataflow,ESTAT:MIGR_POP1CTZ(1.0),A,TOTAL,TOTAL,NR,M,SI,1998,968160,,
dataflow,ESTAT:MIGR_POP1CTZ(1.0),A,TOTAL,TOTAL,NR,M,SI,1999,963217,,
dataflow,ESTAT:MIGR_POP1CTZ(1.0),A,TOTAL,TOTAL,NR,M,SI,2000,970812,,
dataflow,ESTAT:MIGR_POP1CTZ(1.0),A,TOTAL,TOTAL,NR,M,SI,2001,972742,,
dataflow,ESTAT:MIGR_POP1CTZ(1.0),A,TOTAL,TOTAL,NR,M,SI,2002,975002,,
dataflow,ESTAT:MIGR_POP1CTZ(1.0),A,TOTAL,TOTAL,NR,M,SI,2003,975587,,
dataflow,ESTAT:MIGR_POP1CTZ(1.0),A,TOTAL,TOTAL,NR,M,SI,2004,976802,,
dataflow,ESTAT:MIGR_POP1CTZ(1.0),A,TOTAL,TOTAL,NR,M,SI,2005,977052,,
dataflow,ESTAT:MIGR_POP1CTZ(1.0),A,TOTAL,TOTAL,NR,M,SI,2006,981465,,
dataflow,ESTAT:MIGR_POP1CTZ(1.0),A,TOTAL,TOTAL,NR,M,SI,2007,986982,,
dataflow,ESTAT:MIGR_POP1CTZ(1.0),A,TOTAL,TOTAL,NR,M,SI,2008,1000624,,
dataflow,ESTAT:MIGR_POP1CTZ(1.0),A,TOTAL,TOTAL,NR,M,SI,2009,1003945,b,
dataflow,ESTAT:MIGR_POP1CTZ(1.0),A,TOTAL,TOTAL,NR,M,SI,2010,1014107,,
dataflow,ESTAT:MIGR_POP1CTZ(1.0),A,TOTAL,TOTAL,NR,M,SI,2011,1014563,,
dataflow,ESTAT:MIGR_POP1CTZ(1.0),A,TOTAL,TOTAL,NR,M,SI,2012,1016731,,
dataflow,ESTAT:MIGR_POP1CTZ(1.0),A,TOTAL,TOTAL,NR,M,SI,2013,1019061,,
dataflow,ESTAT:MIGR_POP1CTZ(1.0),A,TOTAL,TOTAL,NR,M,SI,2014,1020874,,
dataflow,ESTAT:MIGR_POP1CTZ(1.0),A,TOTAL,TOTAL,NR,M,SI,2015,1022229,,
dataflow,ESTAT:MIGR_POP1CTZ(1.0),A,TOTAL,TOTAL,NR,M,SI,2016,1023333,,
dataflow,ESTAT:MIGR_POP1CTZ(1.0),A,TOTAL,TOTAL,NR,M,SI,2017,1025125,,
dataflow,ESTAT:MIGR_POP1CTZ(1.0),A,TOTAL,TOTAL,NR,M,SI,2018,1027041,,
dataflow,ESTAT:MIGR_POP1CTZ(1.0),A,TOTAL,TOTAL,NR,M,SI,2019,1038656,,
dataflow,ESTAT:MIGR_POP1CTZ(1.0),A,TOTAL,TOTAL,NR,M,SI,2020,1051066,,
dataflow,ESTAT:MIGR_POP1CTZ(1.0),A,TOTAL,TOTAL,NR,M,SI,2021,1059938,,
dataflow,ESTAT:MIGR_POP1CTZ(1.0),A,TOTAL,TOTAL,NR,M,SI,2022,1057695,,
dataflow,ESTAT:MIGR_POP1CTZ(1.0),A,TOTAL,TOTAL,NR,M,SI,2023,1063271,,
dataflow,ESTAT:MIGR_POP1CTZ(1.0),A,TOTAL,TOTAL,NR,M,SI,2024,1068429,,
dataflow,ESTAT:MIGR_POP1CTZ(1.0),A,TOTAL,TOTAL,NR,M,SK,1999,2623692,,
dataflow,ESTAT:MIGR_POP1CTZ(1.0),A,TOTAL,TOTAL,NR,M,SK,2000,2625126,,
dataflow,ESTAT:MIGR_POP1CTZ(1.0),A,TOTAL,TOTAL,NR,M,SK,2001,2626061,,
dataflow,ESTAT:MIGR_POP1CTZ(1.0),A,TOTAL,TOTAL,NR,M,SK,2002,2611921,,
dataflow,ESTAT:MIGR_POP1CTZ(1.0),A,TOTAL,TOTAL,NR,M,SK,2003,2611306,,
dataflow,ESTAT:MIGR_POP1CTZ(1.0),A,TOTAL,TOTAL,NR,M,SK,2004,2611124,b,
dataflow,ESTAT:MIGR_POP1CTZ(1.0),A,TOTAL,TOTAL,NR,M,SK,2005,2613490,,
dataflow,ESTAT:MIGR_POP1CTZ(1.0),A,TOTAL,TOTAL,NR,M,SK,2006,2615872,,
dataflow,ESTAT:MIGR_POP1CTZ(1.0),A,TOTAL,TOTAL,NR,M,SK,2007,2618284,,
dataflow,ESTAT:MIGR_POP1CTZ(1.0),A,TOTAL,TOTAL,NR,M,SK,2008,2623127,,
dataflow,ESTAT:MIGR_POP1CTZ(1.0),A,TOTAL,TOTAL,NR,M,SK,2009,2629804,b,
dataflow,ESTAT:MIGR_POP1CTZ(1.0),A,TOTAL,TOTAL,NR,M,SK,2010,2636938,,
dataflow,ESTAT:MIGR_POP1CTZ(1.0),A,TOTAL,TOTAL,NR,M,SK,2011,2642240,,
dataflow,ESTAT:MIGR_POP1CTZ(1.0),A,TOTAL,TOTAL,NR,M,SK,2012,2631752,,
dataflow,ESTAT:MIGR_POP1CTZ(1.0),A,TOTAL,TOTAL,NR,M,SK,2013,2635979,,
dataflow,ESTAT:MIGR_POP1CTZ(1.0),A,TOTAL,TOTAL,NR,M,SK,2014,2639060,,
dataflow,ESTAT:MIGR_POP1CTZ(1.0),A,TOTAL,TOTAL,NR,M,SK,2015,2642328,,
dataflow,ESTAT:MIGR_POP1CTZ(1.0),A,TOTAL,TOTAL,NR,M,SK,2016,2646082,,
dataflow,ESTAT:MIGR_POP1CTZ(1.0),A,TOTAL,TOTAL,NR,M,SK,2017,2651684,,
dataflow,ESTAT:MIGR_POP1CTZ(1.0),A,TOTAL,TOTAL,NR,M,SK,2018,2656514,,
dataflow,ESTAT:MIGR_POP1CTZ(1.0),A,TOTAL,TOTAL,NR,M,SK,2019,2661077,,
dataflow,ESTAT:MIGR_POP1CTZ(1.0),A,TOTAL,TOTAL,NR,M,SK,2020,2665350,,
dataflow,ESTAT:MIGR_POP1CTZ(1.0),A,TOTAL,TOTAL,NR,M,SK,2021,2666486,,
dataflow,ESTAT:MIGR_POP1CTZ(1.0),A,TOTAL,TOTAL,NR,M,SK,2022,2657903,,
dataflow,ESTAT:MIGR_POP1CTZ(1.0),A,TOTAL,TOTAL,NR,M,SK,2023,2655094,,
dataflow,ESTAT:MIGR_POP1CTZ(1.0),A,TOTAL,TOTAL,NR,M,SK,2024,2653217,,
